PWSID,PWS_Name,Counties Served,Primacy_agency,Suspect LPA?,TYPE_consolidated_2018_original,Draft_inst_update_source,Draft_inst_update,Final_inst_update,Final_inst_update,Inst_Subtype,Notes,Notes last updated,Weird case?,,,,,,,,,,,,,,
CA3600260,SMILEY PARK COUNTRY CLUB,San Bernardino,SWRCB,San Bernardino-LPA,Private,Kristin,Ancillary,Non-profit corporation,HOA,,Not registered with IRS as mutual but registered with SOS as mutual benefit org and here looks like HOA https://www.smileyparkcc.com/ ,,,,,,,,,,,,,,,,
CA4200885,CHALK HILL ESTATES HOA,Santa Barbara,SWRCB,Santa Barbara-LPA,,New system ,Homeowners association,Non-profit corporation,HOA,,,,,,,,,,,,,,,,,,
CA1500566,SPRING MOUNTAIN MUTUAL WATER COMPANY,Kern,SWRCB,,,New system ,Mutual water company,Non-profit corporation,Mutual Water Company,,Mutual water company - not sure why its new on this list though has existed since 70s according to corporate records,2/8/2023,,,,,,,,,,,,,,,
CA4000834,ANZA VINEYARD ESTATES MUTUAL WATER CO,San Luis Obispo,SWRCB,San Luis Obispo-LPA,,New system ,Mutual water company,Non-profit corporation,,,,,,,,,,,,,,,,,,,
CA4900612,HEIGHTS MUTUAL WATER COMPANY,Sonoma,SWRCB,,,New system ,Mutual water company,Non-profit corporation,,,,,,,,,,,,,,,,,,,
CA4900905,MARK WEST MEADOWS MUTUAL WATER,Sonoma,SWRCB,,,New system ,Mutual water company,Non-profit corporation,,,,,,,,,,,,,,,,,,,
CA5305007,RUTH MUTUAL WATER COMPANY,Trinity,SWRCB,,,New system ,Mutual water company,Non-profit corporation,,,,,,,,,,,,,,,,,,,
CA5403217,OKIEVILLE HIGHLAND ACRES MWC,Tulare,SWRCB,,,New system ,Mutual water company,Non-profit corporation,Mutual Water Company,,Yay!,,,,,,,,,,,,,,,,
CA0202504,MARKLEEVILLE WATER CO.,Alpine,LPA32,,Private,2021 update,MWC,Non-profit corporation,,,,,,,,,,,,,,,,,,,
CA0409183,SIERRA MOON WATER COMPANY,Butte,LPA34,,Private,2021 update,MWC,Non-profit corporation,,,,,,,,,,,,,,,,,,,
CA1000075,TRACT 1199 WATER SYSTEM,Fresno,SWRCB,,Private,2021 update,MWC,Non-profit corporation,,,,,,,,,,,,,,,,,,,
CA1200544,REDCREST WATER WORKS,Humboldt,SWRCB,,Private,2021 update,MWC,Non-profit corporation,,,,,,,,,,,,,,,,,,,
CA1200591,BIG LAGOON PARK WATER CO.,Humboldt,SWRCB,,Private,2021 update,MWC,Non-profit corporation,,,,,,,,,,,,,,,,,,,
CA1503536,GLENNVILLE MUTUAL WATER COMPANY,Kern,SWRCB,,MWC,Consolidations,MWC,Non-profit corporation,,,,,,,,,,,,,,,,,,,
CA1510015,OILDALE MWC,Kern,SWRCB,,MWC,Consolidations,MWC,Non-profit corporation,,,,,,,,,,,,,,,,,,,
CA1300513,OCOTILLO MUTUAL WATER CO,Imperial,SWRCB,Imperial-LPA,MWC,Consolidations,MWC,Non-profit corporation,,,,,,,,,,,,,,,,,,,
CA4500016,LAKEHEAD SUBD MUTUAL WATER CO,Shasta,SWRCB,Shasta-LPA,MWC,Consolidations,MWC,Non-profit corporation,,,,,,,,,,,,,,,,,,,
CA4010006,CAYUCOS BEACH MUTUAL WATER COMPANY,San Luis Obispo,SWRCB,NO,MWC,Consolidations,MWC,Non-profit corporation,,,,,,,,,,,,,,,,,,,
CA0500027,LILI VALLEY WATER CO.,Calaveras,LPA35,,Private,Justin,MWC,Non-profit corporation,,,,,,,,,,,,,,,,,,,
CA0900308,QUINTETTE SERVICE CORP WATER,El Dorado,LPA39,,Private,Justin,MWC,Non-profit corporation,,,,,,,,,,,,,,,,,,,
CA1000004,BELMONT WATER CORPORATION,Fresno,SWRCB,,Private,Justin,MWC,Non-profit corporation,,,,,,,,,,,,,,,,,,,
CA1500406,TRADEWIND WATER ASSOC.,Kern,SWRCB,,Private,Justin,MWC,Non-profit corporation,,,,,,,,,,,,,,,,,,,
CA1500478,"VALLEY ESTATES POA, INC.",Kern,SWRCB,,PA,Justin,MWC,Non-profit corporation,,,,,,,,,,,,,,,,,,,
CA1503669,NORTH KRANENBURG WS,Kern,SWRCB,,Private,Justin,MWC,Non-profit corporation,,,,,,,,,,,,,,,,,,,
CA1510029,VAUGHN WC INC,Kern,SWRCB,,Private,Justin,MWC,Non-profit corporation,,,,,,,,,,,,,,,,,,,
CA1700561,BLUE LAKES IMPROVEMENT CLUB,Lake,SWRCB,,Private,Justin,MWC,Non-profit corporation,,,,,,,,,,,,,,,,,,,
CA1800529,SUSAN HILLS ESTATES WC,Lassen,SWRCB,,Private,Justin,MWC,Non-profit corporation,,,,,,,,,,,,,,,,,,,
CA1910012,BELLFLOWER HOME GARDEN WATER COMPANY,Los Angeles,SWRCB,NO,Private,Justin,MWC,Non-profit corporation,,,,,,,,,,,,,,,,,,,
CA1910061,LAS FLORES WATER CO.,Los Angeles,SWRCB,NO,Private,Justin,MWC,Non-profit corporation,,,,,,,,,,,,,,,,,,,
CA1910091,MONTEBELLO LAND & WATER CO.,Los Angeles,SWRCB,NO,Private,Justin,MWC,Non-profit corporation,,,,,,,,,,,,,,,,,,,
CA1910157,SUNNY SLOPE WATER CO.,Los Angeles,SWRCB,NO,Private,Justin,MWC,Non-profit corporation,,,,,,,,,,,,,,,,,,,
CA1910163,VALENCIA HEIGHTS WATER CO.,Los Angeles,SWRCB,NO,Private,Justin,MWC,Non-profit corporation,,,,,,,,,,,,,,,,,,,
CA1910166,VALLEY WATER CO.,Los Angeles,SWRCB,NO,Private,Justin,MWC,Non-profit corporation,,,,,,,,,,,,,,,,,,,
CA2010010,MADERA VALLEY WATER COMPANY,Madera,SWRCB,NO,Private,Justin,MWC,Non-profit corporation,,,,,,,,,,,,,,,,,,,
CA2300610,CASPAR SOUTH SERVICE COMPANY,Mendocino,SWRCB,,Private,Justin,MWC,Non-profit corporation,,,,,,,,,,,,,,,,,,,
CA3000618,LIBERTY PARK WATER ASSOCIATION,Orange,SWRCB,,PA,Justin,MWC,Non-profit corporation,,,,,,,,,,,,,,,,,,,
CA3010008,EASTSIDE WATER ASSOCIATION,Orange,SWRCB,,PA,Justin,MWC,Non-profit corporation,,,,,,,,,,,,,,,,,,,
CA0707569,ANGLERS SUBDIVISION 4,Contra Costa,SWRCB,Contra Costa-LPA,Private,Justin,MWC,Non-profit corporation,,,,,,,,,,,,,,,,,,,
CA3110031,WARD WELL WATER COMPANY,Placer,SWRCB,NO,Private,Justin,MWC,Non-profit corporation,,,,,,,,,,,,,,,,,,,
CA1900158,LITTLE BALDY WATER,Los Angeles,SWRCB,Los Angeles-LPA,Private,Justin,MWC,Non-profit corporation,,,,,,,,,,,,,,,,,,,
CA1900903,SLEEPY VALLEY WATER COMPANY,Los Angeles,SWRCB,Los Angeles-LPA,Private,Justin,MWC,Non-profit corporation,,,,,,,,,,,,,,,,,,,
CA1910128,COVINA IRRIGATING CO.,Los Angeles,SWRCB,Los Angeles-LPA,Private,Justin,MWC,Non-profit corporation,,,,,,,,,,,,,,,,,,,
CA1910199,CALIFORNIA DOMESTIC WATER COMPANY,Los Angeles,SWRCB,Los Angeles-LPA,Private,Justin,MWC,Non-profit corporation,,,,,,,,,,,,,,,,,,,
CA3301114,CHERRY VALLEY WATER COMPANY,Riverside,SWRCB,,Private,Justin,MWC,Non-profit corporation,,,,,,,,,,,,,,,,,,,
CA3301877,BLOCK 77 WATER COMPANY,Riverside,SWRCB,,Private,Justin,MWC,Non-profit corporation,,,,,,,,,,,,,,,,,,,
CA3310026,NUEVO WATER COMPANY,Riverside,SWRCB,,Private,Justin,MWC,Non-profit corporation,,,,,,,,,,,,,,,,,,,
CA3310033,SANTA ANA RIVER WATER COMPANY,Riverside,SWRCB,,Private,Justin,MWC,Non-profit corporation,,,,,,,,,,,,,,,,,,,
CA2000533,SUGAR PINE HOMEOWNERS ASSOC,Madera,SWRCB,Madera-LPA,PA,Justin,MWC,Non-profit corporation,,,,,,,,,,,,,,,,,,,
CA2700509,OAK MANOR WS,Monterey,SWRCB,Monterey-LPA,Private,Justin,MWC,Non-profit corporation,,,,,,,,,,,,,,,,,,,
CA2700534,COLONIAL OAK WC INC,Monterey,SWRCB,Monterey-LPA,Private,Justin,MWC,Non-profit corporation,,,,,,,,,,,,,,,,,,,
CA2700536,CORRAL DE TIERRA ESTATES WC,Monterey,SWRCB,Monterey-LPA,Private,Justin,MWC,Non-profit corporation,,,,,,,,,,,,,,,,,,,
CA2700586,GABILAN WC,Monterey,SWRCB,Monterey-LPA,Private,Justin,MWC,Non-profit corporation,,,,,,,,,,,,,,,,,,,
CA2700634,CHETMOORE ACRES WA,Monterey,SWRCB,Monterey-LPA,PA,Justin,MWC,Non-profit corporation,,,,,,,,,,,,,,,,,,,
CA2700686,GARLEN COURT WS,Monterey,SWRCB,Monterey-LPA,Private,Justin,MWC,Non-profit corporation,,,,,,,,,,,,,,,,,,,
CA3410016,ORANGE VALE WATER COMPANY,Sacramento,SWRCB,NO,Private,Justin,MWC,Non-profit corporation,,,,,,,,,,,,,,,,,,,
CA2701898,CLEAR RIDGE WA,Monterey,SWRCB,Monterey-LPA,PA,Justin,MWC,Non-profit corporation,,,,,,,,,,,,,,,,,,,
CA2801080,MILTON ROAD WATER COMPANY,Napa,SWRCB,Napa-LPA,Private,Justin,MWC,Non-profit corporation,,,,,,,,,,,,,,,,,,,
CA2900511,SHADY LAKE WATER ASSOCIATION,Nevada,SWRCB,Nevada-LPA,PA,Justin,MWC,Non-profit corporation,,,,,,,,,,,,,,,,,,,
CA3100041,ALPINE MEADOWS PROPERTY OWNERS ASSO,Placer,SWRCB,Placer-LPA,PA,Justin,MWC,Non-profit corporation,,,,,,,,,,,,,,,,,,,
CA3200134,BLAIRSDEN WATER USERS ASSN,Plumas,SWRCB,Plumas-LPA,PA,Justin,MWC,Non-profit corporation,,,,,,,,,,,,,,,,,,,
CA3400138,LOCKE WATER WORKS CO [SWS],Sacramento,SWRCB,Sacramento-LPA,Private,Justin,MWC,Non-profit corporation,,,,,,,,,,,,,,,,,,,
CA3610021,FALLSVALE SERVICE COMPANY,San Bernardino,SWRCB,NO,Private,Justin,MWC,Non-profit corporation,,,,,,,,,,,,,,,,,,,
CA3600070,CENTER WATER CO,San Bernardino,SWRCB,San Bernardino-LPA,Private,Justin,MWC,Non-profit corporation,,,,,,,,,,,,,,,,,,,
CA3610048,TERRACE WATER COMPANY,San Bernardino,SWRCB,NO,Private,Justin,MWC,Non-profit corporation,,,,,,,,,,,,,,,,,,,
CA3610057,RIVERSIDE HIGHLAND WATER COMPANY,San Bernardino,SWRCB,NO,Private,Justin,MWC,Non-profit corporation,,,,,,,,,,,,,,,,,,,
CA3610117,DEVORE WC,San Bernardino,SWRCB,NO,Private,Justin,MWC,Non-profit corporation,,,,,,,,,,,,,,,,,,,
CA3700073,H & J WATER COMPANY,San Diego,SWRCB,,Private,Justin,MWC,Non-profit corporation,,,,,,,,,,,,,,,,,,,
CA3600297,GORDON ACRES WATER CO,San Bernardino,SWRCB,San Bernardino-LPA,Private,Justin,MWC,Non-profit corporation,,,,,,,,,,,,,,,,,,,
CA3900505,FARMINGTON WATER COMPANY,San Joaquin,SWRCB,San Joaquin-LPA,Private,Justin,MWC,Non-profit corporation,,,,,,,,,,,,,,,,,,,
CA4000637,COUNTRY HILLS ESTATES,San Luis Obispo,SWRCB,San Luis Obispo-LPA,Private,Justin,MWC,Non-profit corporation,,,,,,,,,,,,,,,,,,,
CA4000750,RIM ROCK WATER COMPANY,San Luis Obispo,SWRCB,San Luis Obispo-LPA,Private,Justin,MWC,Non-profit corporation,,,,,,,,,,,,,,,,,,,
CA4000815,LAS VENTANAS RANCH,San Luis Obispo,SWRCB,San Luis Obispo-LPA,Private,Justin,MWC,Non-profit corporation,,,,,,,,,,,,,,,,,,,
CA4200531,RANCHO MARCELINO WATER,Santa Barbara,SWRCB,Santa Barbara-LPA,Private,Justin,MWC,Non-profit corporation,,,,,,,,,,,,,,,,,,,
CA4200822,SANTA RITA WATER,Santa Barbara,SWRCB,Santa Barbara-LPA,Private,Justin,MWC,Non-profit corporation,,,,,,,,,,,,,,,,,,,
CA4400526,BIG REDWOOD PARK WATER,Santa Cruz,SWRCB,Santa Cruz-LPA,Private,Justin,MWC,Non-profit corporation,,,,,,,,,,,,,,,,,,,
CA4400692,ALLAN LANE WATER ASSOCIATION,Santa Cruz,SWRCB,Santa Cruz-LPA,PA,Justin,MWC,Non-profit corporation,,,,,,,,,,,,,,,,,,,
CA5200570,SURREY VILLAGE WATER CO. INC.,Tehama,SWRCB,Tehama-LPA,Private,Justin,MWC,Non-profit corporation,,,,,,,,,,,,,,,,,,,
CA4300521,KENNON WATER COMPANY,Santa Clara,SWRCB,,Private,Justin,MWC,Non-profit corporation,,,,,,,,,,,,,,,,,,,
CA4300525,MELODY WOODS WATER COMPANY,Santa Clara,SWRCB,,Private,Justin,MWC,Non-profit corporation,,,,,,,,,,,,,,,,,,,
CA4300546,SIERRA ROAD IMPROVEMENT ASSOCIATION INC,Santa Clara,SWRCB,,PA,Justin,MWC,Non-profit corporation,,,,,,,,,,,,,,,,,,,
CA4300550,VISTA GRANDE WATER USERS ASSOCIATION,Santa Clara,SWRCB,,PA,Justin,MWC,Non-profit corporation,,,,,,,,,,,,,,,,,,,
CA4300560,GREEN MOUNTAIN WATER COMPANY,Santa Clara,SWRCB,,Private,Justin,MWC,Non-profit corporation,,,,,,,,,,,,,,,,,,,
CA4300637,LOS RANCHOS DE UVAS WATER COMPANY,Santa Clara,SWRCB,,Private,Justin,MWC,Non-profit corporation,,,,,,,,,,,,,,,,,,,
CA4300638,SAN MARTIN FOOTHILLS WATER COMPANY,Santa Clara,SWRCB,,Private,Justin,MWC,Non-profit corporation,,,,,,,,,,,,,,,,,,,
CA4300760,SANTA TERESA MEADOWS WATER COMPANY,Santa Clara,SWRCB,,Private,Justin,MWC,Non-profit corporation,,,,,,,,,,,,,,,,,,,
CA4900568,VALLEY FORD WATER ASSOCIATION,Sonoma,SWRCB,,PA,Justin,MWC,Non-profit corporation,,,,,,,,,,,,,,,,,,,
CA4900578,CARMET BY THE SEA WATER COMPANY,Sonoma,SWRCB,,Private,Justin,MWC,Non-profit corporation,,,,,,,,,,,,,,,,,,,
CA4900646,ALEXANDER VALLEY ACRES WATER COMPANY,Sonoma,SWRCB,,Private,Justin,MWC,Non-profit corporation,,,,,,,,,,,,,,,,,,,
CA4900901,SOBRE VISTA WATER COMPANY,Sonoma,SWRCB,,Private,Justin,MWC,Non-profit corporation,,,,,,,,,,,,,,,,,,,
CA5304109,BURNT RANCH ESTATES,Trinity,SWRCB,,Private,Justin,MWC,Non-profit corporation,,,,,,,,,,,,,,,,,,,
CA5304502,"SALYER HEIGHTS W.S., INC",Trinity,SWRCB,,Private,Justin,MWC,Non-profit corporation,,,,,,,,,,,,,,,,,,,
CA5601105,FILLMORE IRRIGATION CO,Ventura,SWRCB,,Private,Justin,MWC,Non-profit corporation,,,,,,,,,,,,,,,,,,,
CA2600733,COLD WATER CANYON MWC,Mono,SWRCB,Mono-LPA,,New system ,MWC,Non-profit corporation,,,,,,,,,,,,,,,,,,,
CA5301103,COVINGTON MILL - A,Trinity,SWRCB,,,New system ,MWC,Non-profit corporation,Mutual Water Company,,"I think this went from inactive -> active. There is a Covington Mill MWC registered at the same address (CA5301104 COVINGTON MILL MWC-DIVISION B), HOWARD G COVINGTON, agent/CEO and that looks who would have this email (HIPOWARDDWG@SBCGLOBAL.NET) but Covington Mill MWC-B seems to be run by FWS Forestry now / http://cmmwcb.org/about-us/ [i think they are 2 systems serving upper and lower parts of the same development",2/15/2023,,,,,,,,,,,,,,,
CA0202503,WOODFORDS MUTUAL WATER COMPANY,Alpine,LPA32,,MWC,Original,MWC,Non-profit corporation,,,,,,,,,,,,,,,,,,,
CA0310011,FIRST MACE MEADOW # 1,Amador,SWRCB,,MWC,Original,MWC,Non-profit corporation,,,,,,,,,,,,,,,,,,,
CA0310018,FIRST MACE MEADOWS UNIT NO. 2,Amador,SWRCB,,MWC,Original,MWC,Non-profit corporation,,,,,,,,,,,,,,,,,,,
CA0400003,HARTLEY MUTUAL WATER SYSTEM,Butte,LPA34,,MWC,Original,MWC,Non-profit corporation,,,,,,,,,,,,,,,,,,,
CA0400004,FOREST RANCH MUTUAL WATER SYSTEM,Butte,LPA34,,MWC,Original,MWC,Non-profit corporation,,,,,,,,,,,,,,,,,,,
CA0400007,BUTTE CREEK ESTATES MUTUAL WATER CO,Butte,LPA34,,MWC,Original,MWC,Non-profit corporation,,,,,,,,,,,,,,,,,,,
CA0400008,GRAN MUTUAL WATER CO,Butte,LPA34,,MWC,Original,MWC,Non-profit corporation,,,,,,,,,,,,,,,,,,,
CA0400013,MERRY MOUNTAIN MUTUAL,Butte,LPA34,,MWC,Original,MWC,Non-profit corporation,,,,,,,,,,,,,,,,,,,
CA0400078,FOREST KNOLLS MUTUAL WATER CO,Butte,LPA34,,MWC,Original,MWC,Non-profit corporation,,,,,,,,,,,,,,,,,,,
CA0400123,HUMBOLDT HIGHLANDS MUTUAL,Butte,LPA34,,MWC,Original,MWC,Non-profit corporation,,,,,,,,,,,,,,,,,,,
CA0400149,HUMBOLDT WOODLANDS MUTUAL,Butte,LPA34,,MWC,Original,MWC,Non-profit corporation,,,,,,,,,,,,,,,,,,,
CA0400151,KEEFER CREEK ESTATES,Butte,LPA34,,MWC,Original,MWC,Non-profit corporation,,,,,,,,,,,,,,,,,,,
CA0400155,BIGGERS GLEN MUTUAL WATER CO,Butte,LPA34,,MWC,Original,MWC,Non-profit corporation,,,,,,,,,,,,,,,,,,,
CA0409181,BLUE OAK TERRACE MUTUAL,Butte,LPA34,,MWC,Original,MWC,Non-profit corporation,,,,,,,,,,,,,,,,,,,
CA0500019,MINERAL MOUNTAIN MUTUAL WATER,Calaveras,LPA35,,MWC,Original,MWC,Non-profit corporation,,,,,,,,,,,,,,,,,,,
CA0510009,BLUE LAKE SPRINGS MUT WTR,Calaveras,SWRCB,,MWC,Original,MWC,Non-profit corporation,,,,,,,,,,,,,,,,,,,
CA0900112,CANDLELIGHT VILLAGE MUTUAL WATER CO.,El Dorado,LPA39,,MWC,Original,MWC,Non-profit corporation,,,,,,,,,,,,,,,,,,,
CA0900300,KYBURZ MUTUAL WATER COMPANY,El Dorado,LPA39,,MWC,Original,MWC,Non-profit corporation,,,,,,,,,,,,,,,,,,,
CA1000054,LAS DELTAS MUTUAL WATER SYSTEM,Fresno,SWRCB,,MWC,Original,MWC,Non-profit corporation,,,,,,,,,,,,,,,,,,,
CA1000063,NEW AUBERRY WATER ASSOCIATION,Fresno,SWRCB,,MWC,Original,MWC,Non-profit corporation,,,,,,,,,,,,,,,,,,,
CA1010053,SHAVER LAKE HEIGHTS MWC,Fresno,SWRCB,,MWC,Original,MWC,Non-profit corporation,,,,,,,,,,,,,,,,,,,
CA1200538,MYERS FLAT M.W.S. INC.,Humboldt,SWRCB,,MWC,Original,MWC,Non-profit corporation,,,,,,,,,,,,,,,,,,,
CA1200547,MILL CREEK M.W.C.,Humboldt,SWRCB,,MWC,Original,MWC,Non-profit corporation,,,,,,,,,,,,,,,,,,,
CA1200566,ORLEANS MUTUAL WATER CO.,Humboldt,SWRCB,,MWC,Original,MWC,Non-profit corporation,,,,,,,,,,,,,,,,,,,
CA1200588,SEAWOOD ESTATES MUTUAL WATER COMPANY,Humboldt,SWRCB,,MWC,Original,MWC,Non-profit corporation,,,,,,,,,,,,,,,,,,,
CA1200590,MOONSTONE HEIGHTS MWA,Humboldt,SWRCB,,MWC,Original,MWC,Non-profit corporation,,,,,,,,,,,,,,,,,,,
CA1206002,PALOMINO ESTATES WATER COMPANY,Humboldt,SWRCB,,MWC,Original,MWC,Non-profit corporation,,,,,,,,,,,,,,,,,,,
CA1400024,ROCKING K RANCH ESTATES MUTUAL WATER CO.,Inyo,SWRCB,,MWC,Original,MWC,Non-profit corporation,,,,,,,,,,,,,,,,,,,
CA1400025,VALLEY VISTA MUTUAL WATER COMPANY,Inyo,SWRCB,,MWC,Original,MWC,Non-profit corporation,,,,,,,,,,,,,,,,,,,
CA1400026,RAWSON CREEK MUTUAL WATER COMPANY,Inyo,SWRCB,,MWC,Original,MWC,Non-profit corporation,,,,,,,,,,,,,,,,,,,
CA1400027,CARTAGO MUTUAL WATER COMPANY,Inyo,SWRCB,,MWC,Original,MWC,Non-profit corporation,,,,,,,,,,,,,,,,,,,
CA1400031,RANCH ROAD ESTATES MUTUAL WATER COMPANY,Inyo,SWRCB,,MWC,Original,MWC,Non-profit corporation,,,,,,,,,,,,,,,,,,,
CA1400056,BROOKSIDE ESTATES MUTUAL WATER COMPANY,Inyo,SWRCB,,MWC,Original,MWC,Non-profit corporation,,,,,,,,,,,,,,,,,,,
CA1400066,ASPENDELL MUTUAL WATER COMPANY,Inyo,SWRCB,,MWC,Original,MWC,Non-profit corporation,,,,,,,,,,,,,,,,,,,
CA1400070,SIERRA GRANDE ESTATES MUTUAL WATER CO.,Inyo,SWRCB,,MWC,Original,MWC,Non-profit corporation,,,,,,,,,,,,,,,,,,,
CA1400072,NORTH LONE PINE MUTUAL WATER COMPANY,Inyo,SWRCB,,MWC,Original,MWC,Non-profit corporation,,,,,,,,,,,,,,,,,,,
CA1400110,PARK WEST MUTUAL WATER COMPANY,Inyo,SWRCB,,MWC,Original,MWC,Non-profit corporation,,,,,,,,,,,,,,,,,,,
CA1400111,MEADOWCREEK MUTUAL WATER COMPANY,Inyo,SWRCB,,MWC,Original,MWC,Non-profit corporation,,,,,,,,,,,,,,,,,,,
CA1400135,WILSON CIRCLE MUTUAL WATER COMPANY,Inyo,SWRCB,,MWC,Original,MWC,Non-profit corporation,,,,,,,,,,,,,,,,,,,
CA1400518,VAN LOON WATER ASSOCIATION,Inyo,SWRCB,,MWC,Original,MWC,Non-profit corporation,,,,,,,,,,,,,,,,,,,
CA1500096,OLD RIVER MUTUAL WATER COMPANY,Kern,SWRCB,,MWC,Original,MWC,Non-profit corporation,,,,,,,,,,,,,,,,,,,
CA1500209,ALTA SIERRA MUTUAL WATER CO.,Kern,SWRCB,,MWC,Original,MWC,Non-profit corporation,,,,,,,,,,,,,,,,,,,
CA1500211,STOCKDALE ANNEX MUTUAL WATER,Kern,SWRCB,,MWC,Original,MWC,Non-profit corporation,,,,,,,,,,,,,,,,,,,
CA1500231,VICTORY MUTUAL WATER COMPANY,Kern,SWRCB,,MWC,Original,MWC,Non-profit corporation,,,,,,,,,,,,,,,,,,,
CA1500251,RIVERKERN MUTUAL WATER COMPANY,Kern,SWRCB,,MWC,Original,MWC,Non-profit corporation,,,,,,,,,,,,,,,,,,,
CA1500252,KERN VALLEY MUTUAL WATER COMPANY,Kern,SWRCB,,MWC,Original,MWC,Non-profit corporation,,,,,,,,,,,,,,,,,,,
CA1500289,ATHAL MUTUAL WATER SYSTEM,Kern,SWRCB,,MWC,Original,MWC,Non-profit corporation,,,,,,,,,,,,,,,,,,,
CA1500290,NORTH MUROC MUTUAL WATER COMPANY,Kern,SWRCB,,MWC,Original,MWC,Non-profit corporation,,,,,,,,,,,,,,,,,,,
CA1500296,FULLER ACRES MUTUAL WATER COMPANY,Kern,SWRCB,,MWC,Original,MWC,Non-profit corporation,,,,,,,,,,,,,,,,,,,
CA1500327,RANCHO SECO INC. WATER SYSTEM,Kern,SWRCB,,MWC,Original,MWC,Non-profit corporation,,,,,,,,,,,,,,,,,,,
CA1500336,BURLANDO HEIGHTS MUTUAL WATER CO.,Kern,SWRCB,,MWC,Original,MWC,Non-profit corporation,,,,,,,,,,,,,,,,,,,
CA1500340,WEST TEHACHAPI MUTUAL,Kern,SWRCB,,MWC,Original,MWC,Non-profit corporation,,,,,,,,,,,,,,,,,,,
CA1500341,SIERRA BELLA MUTUAL WATER COMPANY,Kern,SWRCB,,MWC,Original,MWC,Non-profit corporation,,,,,,,,,,,,,,,,,,,
CA1500344,SOUTH KERN MUTUAL WATER COMPANY,Kern,SWRCB,,MWC,Original,MWC,Non-profit corporation,,,,,,,,,,,,,,,,,,,
CA1500349,STOCKDALE MUTUAL WATER CO.,Kern,SWRCB,,MWC,Original,MWC,Non-profit corporation,,,,,,,,,,,,,,,,,,,
CA1500364,KERNVALE MUTUAL WATER CO,Kern,SWRCB,,MWC,Original,MWC,Non-profit corporation,,,,,,,,,,,,,,,,,,,
CA1500378,MAHER MUTUAL WATER COMPANY,Kern,SWRCB,,MWC,Original,MWC,Non-profit corporation,,,,,,,,,,,,,,,,,,,
CA1500393,RAINBIRD VALLEY MUTUAL WATER COMPANY,Kern,SWRCB,,MWC,Original,MWC,Non-profit corporation,,,,,,,,,,,,,,,,,,,
CA1500409,BROCK MUTUAL WATER COMPANY,Kern,SWRCB,,MWC,Original,MWC,Non-profit corporation,,,,,,,,,,,,,,,,,,,
CA1500424,LANDS OF PROMISE MWC,Kern,SWRCB,,MWC,Original,MWC,Non-profit corporation,,,,,,,,,,,,,,,,,,,
CA1500436,HUNGRY GULCH MWC,Kern,SWRCB,,MWC,Original,MWC,Non-profit corporation,,,,,,,,,,,,,,,,,,,
CA1500443,CANYON MEADOWS MUTUAL WATER,Kern,SWRCB,,MWC,Original,MWC,Non-profit corporation,,,,,,,,,,,,,,,,,,,
CA1500447,SIERRA BREEZE MUTUAL WATER COMPANY,Kern,SWRCB,,MWC,Original,MWC,Non-profit corporation,,,,,,,,,,,,,,,,,,,
CA1500448,HILLVIEW ACRES MUTUAL WATER COMPANY,Kern,SWRCB,,MWC,Original,MWC,Non-profit corporation,,,,,,,,,,,,,,,,,,,
CA1500455,WILLIAM FISHER MEMORIAL WATER COMPANY,Kern,SWRCB,,MWC,Original,MWC,Non-profit corporation,,,,,,,,,,,,,,,,,,,
CA1500458,R.S. MUTUAL WATER COMPANY,Kern,SWRCB,,MWC,Original,MWC,Non-profit corporation,,,,,,,,,,,,,,,,,,,
CA1500465,OAK KNOLLS MUTUAL WATER COMPANY,Kern,SWRCB,,MWC,Original,MWC,Non-profit corporation,,,,,,,,,,,,,,,,,,,
CA1500466,A.F.P. MUTUAL WATER COMPANY,Kern,SWRCB,,MWC,Original,MWC,Non-profit corporation,,,,,,,,,,,,,,,,,,,
CA1500475,KRISTA MUTUAL WATER COMPANY,Kern,SWRCB,,MWC,Original,MWC,Non-profit corporation,,,,,,,,,,,,,,,,,,,
CA1500483,ALLEN ROAD MUTUAL WATER SYSTEM,Kern,SWRCB,,MWC,Original,MWC,Non-profit corporation,,,,,,,,,,,,,,,,,,,
CA1500507,ST. CLAIR RANCHOS MUTUAL WATER CO.,Kern,SWRCB,,MWC,Original,MWC,Non-profit corporation,,,,,,,,,,,,,,,,,,,
CA1500525,LAKEVIEW RANCHOS MUTUAL WATER COMPANY,Kern,SWRCB,,MWC,Original,MWC,Non-profit corporation,,,,,,,,,,,,,,,,,,,
CA1500535,MANON MANOR MUTUAL WATER COMPANY,Kern,SWRCB,,MWC,Original,MWC,Non-profit corporation,,,,,,,,,,,,,,,,,,,
CA1500543,AGAPE MUTUAL WATER SYSTEM,Kern,SWRCB,,MWC,Original,MWC,Non-profit corporation,,,,,,,,,,,,,,,,,,,
CA1500546,HARVEST MOON MUTUAL WATER CO,Kern,SWRCB,,MWC,Original,MWC,Non-profit corporation,,,,,,,,,,,,,,,,,,,
CA1500550,WEST VALLEY MUTUAL WATER COMPANY,Kern,SWRCB,,MWC,Original,MWC,Non-profit corporation,,,,,,,,,,,,,,,,,,,
CA1500554,EAST INYOKERN MUTUAL WATER,Kern,SWRCB,,MWC,Original,MWC,Non-profit corporation,,,,,,,,,,,,,,,,,,,
CA1500555,MUSTANG MUTUAL WATER SYSTEM,Kern,SWRCB,,MWC,Original,MWC,Non-profit corporation,,,,,,,,,,,,,,,,,,,
CA1500556,HART FLAT BEAR MUTUAL WATER,Kern,SWRCB,,MWC,Original,MWC,Non-profit corporation,,,,,,,,,,,,,,,,,,,
CA1500557,STOCKDALE RANCHOS MUTUAL WATER CO,Kern,SWRCB,,MWC,Original,MWC,Non-profit corporation,,,,,,,,,,,,,,,,,,,
CA1500561,ROUND MOUNTAIN WATER COMPANY,Kern,SWRCB,,MWC,Original,MWC,Non-profit corporation,,,,,,,,,,,,,,,,,,,
CA1500563,CHINA LAKE ACRES MUTUAL WATER COMPANY,Kern,SWRCB,,MWC,Original,MWC,Non-profit corporation,,,,,,,,,,,,,,,,,,,
CA1500569,VALLEY VIEW ESTATES MUTUAL WATER CO,Kern,SWRCB,,MWC,Original,MWC,Non-profit corporation,,,,,,,,,,,,,,,,,,,
CA1500575,SAN JOAQUIN ESTATES MUTUAL WATER COMPANY,Kern,SWRCB,,MWC,Original,MWC,Non-profit corporation,,,,,,,,,,,,,,,,,,,
CA1500593,UPLANDS OF THE KERN MUTUAL WATER COMPANY,Kern,SWRCB,,MWC,Original,MWC,Non-profit corporation,,,,,,,,,,,,,,,,,,,
CA1500599,CHOCTAW VALLEY MUTUAL WATER CO.,Kern,SWRCB,,MWC,Original,MWC,Non-profit corporation,,,,,,,,,,,,,,,,,,,
CA1502569,FIRST MUTUAL WATER SYSTEM,Kern,SWRCB,,MWC,Original,MWC,Non-profit corporation,,,,,,,,,,,,,,,,,,,
CA1502600,WEGIS MUTUAL WATER COMPANY,Kern,SWRCB,,MWC,Original,MWC,Non-profit corporation,,,,,,,,,,,,,,,,,,,
CA1502619,SOUTH DESERT MUTUAL WATER COMPANY,Kern,SWRCB,,MWC,Original,MWC,Non-profit corporation,,,,,,,,,,,,,,,,,,,
CA1502620,POND MUTUAL WATER COMPANY,Kern,SWRCB,,MWC,Original,MWC,Non-profit corporation,,,,,,,,,,,,,,,,,,,
CA1502645,MEADOWS OF THE KERN MUTUAL WATER COMPANY,Kern,SWRCB,,MWC,Original,MWC,Non-profit corporation,,,,,,,,,,,,,,,,,,,
CA1502653,BELLA VISTA MUTUAL WATER COMPANY,Kern,SWRCB,,MWC,Original,MWC,Non-profit corporation,,,,,,,,,,,,,,,,,,,
CA1502663,TOWN & COUNTRY WATER COMPANY,Kern,SWRCB,,MWC,Original,MWC,Non-profit corporation,,,,,,,,,,,,,,,,,,,
CA1502690,"DUNE 3 MUTUAL WATER COMPANY, LLC",Kern,SWRCB,,MWC,Original,MWC,Non-profit corporation,,,,,,,,,,,,,,,,,,,
CA1503329,HART CREEK ESTATES MUTUAL WATER CO.,Kern,SWRCB,,MWC,Original,MWC,Non-profit corporation,,,,,,,,,,,,,,,,,,,
CA1503475,WESTERN ACRES MUTUAL WATER COMPANY,Kern,SWRCB,,MWC,Original,MWC,Non-profit corporation,,,,,,,,,,,,,,,,,,,
CA1503526,WINI MUTUAL WATER COMPANY,Kern,SWRCB,,MWC,Original,MWC,Non-profit corporation,,,,,,,,,,,,,,,,,,,
CA1510023,LAKE OF THE WOODS MWC,Kern,SWRCB,,MWC,Original,MWC,Non-profit corporation,,,,,,,,,,,,,,,,,,,
CA1510028,MIL POTRERO MWC,Kern,SWRCB,,MWC,Original,MWC,Non-profit corporation,,,,,,,,,,,,,,,,,,,
CA1510054,PINON PINES MWC,Kern,SWRCB,,MWC,Original,MWC,Non-profit corporation,,,,,,,,,,,,,,,,,,,
CA1600507,HARDWICK WATER COMPANY,Kings,LPA46,,MWC,Original,MWC,Non-profit corporation,,,,,,,,,,,,,,,,,,,
CA1700508,GLENHAVEN MUTUAL WATER COMPANY,Lake,SWRCB,,MWC,Original,MWC,Non-profit corporation,,,,,,,,,,,,,,,,,,,
CA1700518,LOCH LOMOND MUTUAL WATER CO,Lake,SWRCB,,MWC,Original,MWC,Non-profit corporation,,,,,,,,,,,,,,,,,,,
CA1700536,SUNRISE SHORE MUTUAL WATER COMPANY,Lake,SWRCB,,MWC,Original,MWC,Non-profit corporation,,,,,,,,,,,,,,,,,,,
CA1700546,CLEAR WATER MUTUAL WATER COMPANY,Lake,SWRCB,,MWC,Original,MWC,Non-profit corporation,,,,,,,,,,,,,,,,,,,
CA1700549,CORINTHIAN BAY MUTUAL WATER COMPANY,Lake,SWRCB,,MWC,Original,MWC,Non-profit corporation,,,,,,,,,,,,,,,,,,,
CA1700568,HARBOR VIEW MUTUAL WATER COMPANY,Lake,SWRCB,,MWC,Original,MWC,Non-profit corporation,,,,,,,,,,,,,,,,,,,
CA1700657,WINDFLOWER POINT MUTUAL WATER COMPANY,Lake,SWRCB,,MWC,Original,MWC,Non-profit corporation,,,,,,,,,,,,,,,,,,,
CA1710003,HIGHLANDS MUTUAL WATER COMPANY,Lake,SWRCB,,MWC,Original,MWC,Non-profit corporation,,,,,,,,,,,,,,,,,,,
CA1710008,NICE MUTUAL WATER COMPANY,Lake,SWRCB,,MWC,Original,MWC,Non-profit corporation,,,,,,,,,,,,,,,,,,,
CA1710014,MT. KONOCTI MUTUAL WATER COMPANY,Lake,SWRCB,,MWC,Original,MWC,Non-profit corporation,,,,,,,,,,,,,,,,,,,
CA1800511,LAKE FOREST MUTUAL W.C.,Lassen,SWRCB,,MWC,Original,MWC,Non-profit corporation,,,,,,,,,,,,,,,,,,,
CA1800534,SPAULDING EAGLE LAKE MWC,Lassen,SWRCB,,MWC,Original,MWC,Non-profit corporation,,,,,,,,,,,,,,,,,,,
CA1900130,DEL RIO MUTUAL,Los Angeles,SWRCB,NO,MWC,Original,MWC,Non-profit corporation,,,,,,,,,,,,,,,,,,,
CA1900523,WHITE FENCE FARMS MWC NO.3,Los Angeles,SWRCB,NO,MWC,Original,MWC,Non-profit corporation,,,,,,,,,,,,,,,,,,,
CA1900563,"SUNDALE MUTUAL WATER COMPANY A, B",Los Angeles,SWRCB,NO,MWC,Original,MWC,Non-profit corporation,,,,,,,,,,,,,,,,,,,
CA1900803,EL DORADO MUTUAL WATER CO.,Los Angeles,SWRCB,NO,MWC,Original,MWC,Non-profit corporation,,,,,,,,,,,,,,,,,,,
CA1910002,AMARILLO MUTUAL WATER COMPANY,Los Angeles,SWRCB,NO,MWC,Original,MWC,Non-profit corporation,,,,,,,,,,,,,,,,,,,
CA1910013,BELLFLOWER - SOMERSET MWC,Los Angeles,SWRCB,NO,MWC,Original,MWC,Non-profit corporation,,,,,,,,,,,,,,,,,,,
CA1910023,AVERYDALE MWC,Los Angeles,SWRCB,NO,MWC,Original,MWC,Non-profit corporation,,,,,,,,,,,,,,,,,,,
CA1910053,HEMLOCK MUTUAL WATER CO.,Los Angeles,SWRCB,NO,MWC,Original,MWC,Non-profit corporation,,,,,,,,,,,,,,,,,,,
CA1910056,LAKE ELIZABETH MUTUAL WATER CO.,Los Angeles,SWRCB,NO,MWC,Original,MWC,Non-profit corporation,,,,,,,,,,,,,,,,,,,
CA1910081,LYNWOOD PARK MUTUAL WATER CO.,Los Angeles,SWRCB,NO,MWC,Original,MWC,Non-profit corporation,,,,,,,,,,,,,,,,,,,
CA1910084,MAYWOOD MUTUAL WATER CO. #1,Los Angeles,SWRCB,NO,MWC,Original,MWC,Non-profit corporation,,,,,,,,,,,,,,,,,,,
CA1910085,MAYWOOD MUTUAL WATER CO. #2,Los Angeles,SWRCB,NO,MWC,Original,MWC,Non-profit corporation,,,,,,,,,,,,,,,,,,,
CA1910086,MAYWOOD MUTUAL WATER CO. #3,Los Angeles,SWRCB,NO,MWC,Original,MWC,Non-profit corporation,,,,,,,,,,,,,,,,,,,
CA1910140,RUBIO CANON LAND & WATER ASSOCIATION,Los Angeles,SWRCB,NO,MWC,Original,MWC,Non-profit corporation,,,,,,,,,,,,,,,,,,,
CA1910158,STERLING MUTUAL WATER COMPANY,Los Angeles,SWRCB,NO,MWC,Original,MWC,Non-profit corporation,,,,,,,,,,,,,,,,,,,
CA1910159,TRACT 180 MUTUAL WATER CO.,Los Angeles,SWRCB,NO,MWC,Original,MWC,Non-profit corporation,,,,,,,,,,,,,,,,,,,
CA1910160,TRACT 349 MUTUAL WATER CO.,Los Angeles,SWRCB,NO,MWC,Original,MWC,Non-profit corporation,,,,,,,,,,,,,,,,,,,
CA1910165,VALLEY VIEW MUTUAL WATER CO.,Los Angeles,SWRCB,NO,MWC,Original,MWC,Non-profit corporation,,,,,,,,,,,,,,,,,,,
CA1910169,WALNUT PARK MUTUAL WATER CO.,Los Angeles,SWRCB,NO,MWC,Original,MWC,Non-profit corporation,,,,,,,,,,,,,,,,,,,
CA1910246,LAND PROJECTS MUTUAL WATER CO.,Los Angeles,SWRCB,NO,MWC,Original,MWC,Non-profit corporation,,,,,,,,,,,,,,,,,,,
CA1910249,WHITE FENCE FARMS MWC NO. 1,Los Angeles,SWRCB,NO,MWC,Original,MWC,Non-profit corporation,,,,,,,,,,,,,,,,,,,
CA2000524,SKY ACRES MUTUAL WATER CORP,Madera,LPA50,,MWC,Original,MWC,Non-profit corporation,,,,,,,,,,,,,,,,,,,
CA2000526,PIKE RANCH MUTUAL WATER CO,Madera,LPA50,,MWC,Original,MWC,Non-profit corporation,,,,,,,,,,,,,,,,,,,
CA2010017,"TESORO VIEJO MASTER MWC, INC.",Madera,SWRCB,NO,MWC,Original,MWC,Non-profit corporation,,,,,,,,,,,,,,,,,,,
CA2100519,ESTERO MUTUAL,Marin,SWRCB,,MWC,Original,MWC,Non-profit corporation,,,,,,,,,,,,,,,,,,,
CA2100579,NICASIO VALLEY RANCH MUTUAL,Marin,SWRCB,,MWC,Original,MWC,Non-profit corporation,,,,,,,,,,,,,,,,,,,
CA2210002,PONDEROSA BASIN MUTUAL WTR CO,Mariposa,SWRCB,,MWC,Original,MWC,Non-profit corporation,,,,,,,,,,,,,,,,,,,
CA2210903,FISHCAMP MUTUAL WATER COMPANY,Mariposa,SWRCB,,MWC,Original,MWC,Non-profit corporation,,,,,,,,,,,,,,,,,,,
CA2210906,MARIPOSA PINES MUTUAL,Mariposa,SWRCB,,MWC,Original,MWC,Non-profit corporation,,,,,,,,,,,,,,,,,,,
CA2300502,ALBION MUTUAL WATER COMPANY,Mendocino,SWRCB,,MWC,Original,MWC,Non-profit corporation,,,,,,,,,,,,,,,,,,,
CA2300506,MEADOW ESTATES MUTUAL,Mendocino,SWRCB,,MWC,Original,MWC,Non-profit corporation,,,,,,,,,,,,,,,,,,,
CA2300590,SURFWOOD MUTUAL WATER CORPORATION,Mendocino,SWRCB,,MWC,Original,MWC,Non-profit corporation,,,,,,,,,,,,,,,,,,,
CA2300591,PINE MOUNTAIN MUTUAL WATER CO.,Mendocino,SWRCB,,MWC,Original,MWC,Non-profit corporation,,,,,,,,,,,,,,,,,,,
CA2300596,BIG RIVER VISTA MUTUAL WATER COMPANY,Mendocino,SWRCB,,MWC,Original,MWC,Non-profit corporation,,,,,,,,,,,,,,,,,,,
CA2300604,POINT OF VIEW MUTUAL WATER CO,Mendocino,SWRCB,,MWC,Original,MWC,Non-profit corporation,,,,,,,,,,,,,,,,,,,
CA2300605,RIVER ESTATES MUTUAL WATER COMPANY,Mendocino,SWRCB,,MWC,Original,MWC,Non-profit corporation,,,,,,,,,,,,,,,,,,,
CA2300606,LAKE VIEW MUTUAL WATER CO.,Mendocino,SWRCB,,MWC,Original,MWC,Non-profit corporation,,,,,,,,,,,,,,,,,,,
CA2300663,BRANSCOMB MOBILE HOME PARK,Mendocino,SWRCB,,MWC,Original,MWC,Non-profit corporation,,,,,,,,,,,,,,,,,,,
CA2300832,HILLS RANCH MUTUAL WATER COMPANY,Mendocino,SWRCB,,MWC,Original,MWC,Non-profit corporation,,,,,,,,,,,,,,,,,,,
CA2810001,HOWELL MOUNTAIN MUTUAL WATER COMPANY,Napa,SWRCB,NO,MWC,Original,MWC,Non-profit corporation,,,,,,,,,,,,,,,,,,,
CA3000519,HYNES ESTATES MUTUAL WATER CO.,Orange,SWRCB,,MWC,Original,MWC,Non-profit corporation,,,,,,,,,,,,,,,,,,,
CA3000585,PAGE AVENUE MUTUAL WATER COMPANY,Orange,SWRCB,,MWC,Original,MWC,Non-profit corporation,,,,,,,,,,,,,,,,,,,
CA3000825,SOUTH MIDWAY CITY MUTUAL WATER CO.,Orange,SWRCB,,MWC,Original,MWC,Non-profit corporation,,,,,,,,,,,,,,,,,,,
CA3010097,MIDWAY CITY MUTUAL WC,Orange,SWRCB,,MWC,Original,MWC,Non-profit corporation,,,,,,,,,,,,,,,,,,,
CA0706004,OAKLEY MUTUAL WATER COMPANY,Contra Costa,SWRCB,Contra Costa-LPA,MWC,Original,MWC,Non-profit corporation,,,,,,,,,,,,,,,,,,,
CA0707556,SANDMOUND MUTUAL,Contra Costa,SWRCB,Contra Costa-LPA,MWC,Original,MWC,Non-profit corporation,,,,,,,,,,,,,,,,,,,
CA0707572,BETHEL ISLAND MUTUAL WATER CO,Contra Costa,SWRCB,Contra Costa-LPA,MWC,Original,MWC,Non-profit corporation,,,,,,,,,,,,,,,,,,,
CA0707573,DELTA MUTUAL WATER COMPANY,Contra Costa,SWRCB,Contra Costa-LPA,MWC,Original,MWC,Non-profit corporation,,,,,,,,,,,,,,,,,,,
CA0707576,PLEASANTIMES MUTUAL WATER CO,Contra Costa,SWRCB,Contra Costa-LPA,MWC,Original,MWC,Non-profit corporation,,,,,,,,,,,,,,,,,,,
CA0707585,MORAGA HEIGHTS MUTUAL WATER,Contra Costa,SWRCB,Contra Costa-LPA,MWC,Original,MWC,Non-profit corporation,,,,,,,,,,,,,,,,,,,
CA3110019,SQUAW VALLEY MWC,Placer,SWRCB,NO,MWC,Original,MWC,Non-profit corporation,,,,,,,,,,,,,,,,,,,
CA1300514,COYOTE VALLEY MUTUAL WATER CO,Imperial,SWRCB,Imperial-LPA,MWC,Original,MWC,Non-profit corporation,,,,,,,,,,,,,,,,,,,
CA1300664,RIVERFRONT MUTUAL WATER COMPANY,Imperial,SWRCB,Imperial-LPA,MWC,Original,MWC,Non-profit corporation,,,,,,,,,,,,,,,,,,,
CA1900075,BLEICH FLATS MUTUAL,Los Angeles,SWRCB,Los Angeles-LPA,MWC,Original,MWC,Non-profit corporation,,,,,,,,,,,,,,,,,,,
CA1900100,METTLER VALLEY MUTUAL,Los Angeles,SWRCB,Los Angeles-LPA,MWC,Original,MWC,Non-profit corporation,,,,,,,,,,,,,,,,,,,
CA1900102,WESTSIDE PARK MUTUAL WATER,Los Angeles,SWRCB,Los Angeles-LPA,MWC,Original,MWC,Non-profit corporation,,,,,,,,,,,,,,,,,,,
CA1900145,REESEDALE MUTUAL,Los Angeles,SWRCB,Los Angeles-LPA,MWC,Original,MWC,Non-profit corporation,,,,,,,,,,,,,,,,,,,
CA1900146,SUNNYSIDE FARMS MUTUAL WATER COMPANY,Los Angeles,SWRCB,Los Angeles-LPA,MWC,Original,MWC,Non-profit corporation,,,,,,,,,,,,,,,,,,,
CA1900154,TIERRA BONITA MUTUAL WATER,Los Angeles,SWRCB,Los Angeles-LPA,MWC,Original,MWC,Non-profit corporation,,,,,,,,,,,,,,,,,,,
CA1900155,WILSONA GARDENS MUTUAL,Los Angeles,SWRCB,Los Angeles-LPA,MWC,Original,MWC,Non-profit corporation,,,,,,,,,,,,,,,,,,,
CA1900301,SHADOW ACRES MUTUAL WATER COMPANY,Los Angeles,SWRCB,Los Angeles-LPA,MWC,Original,MWC,Non-profit corporation,,,,,,,,,,,,,,,,,,,
CA1900303,LLANO MUTUAL WATER COMPANY,Los Angeles,SWRCB,Los Angeles-LPA,MWC,Original,MWC,Non-profit corporation,,,,,,,,,,,,,,,,,,,
CA1900794,ANTELOPE PARK MUTUAL WATER COMPANY,Los Angeles,SWRCB,Los Angeles-LPA,MWC,Original,MWC,Non-profit corporation,,,,,,,,,,,,,,,,,,,
CA1900801,COLORADO MUTUAL WATER COMPANY,Los Angeles,SWRCB,Los Angeles-LPA,MWC,Original,MWC,Non-profit corporation,,,,,,,,,,,,,,,,,,,
CA1900804,EVERGREEN MUTUAL WATER COMPANY,Los Angeles,SWRCB,Los Angeles-LPA,MWC,Original,MWC,Non-profit corporation,,,,,,,,,,,,,,,,,,,
CA1900809,LANDALE MUTUAL WATER COMPANY,Los Angeles,SWRCB,Los Angeles-LPA,MWC,Original,MWC,Non-profit corporation,,,,,,,,,,,,,,,,,,,
CA1900936,AQUA J. MUTUAL WATER COMPANY,Los Angeles,SWRCB,Los Angeles-LPA,MWC,Original,MWC,Non-profit corporation,,,,,,,,,,,,,,,,,,,
CA1907014,NORTH TRAILS MUTUAL WATER COMPANY,Los Angeles,SWRCB,Los Angeles-LPA,MWC,Original,MWC,Non-profit corporation,,,,,,,,,,,,,,,,,,,
CA1907028,SPV WATER COMPANY,Los Angeles,SWRCB,Los Angeles-LPA,MWC,Original,MWC,Non-profit corporation,,,,,,,,,,,,,,,,,,,
CA2000502,BASS LAKE HEIGHTS MUTUAL WATER,Madera,SWRCB,Madera-LPA,MWC,Original,MWC,Non-profit corporation,,,,,,,,,,,,,,,,,,,
CA3210006,LAKE ALMANOR COUNTRY CLUB MWC,Plumas,SWRCB,NO,MWC,Original,MWC,Non-profit corporation,,,,,,,,,,,,,,,,,,,
CA3210007,WEST ALMANOR M.W.C.,Plumas,SWRCB,NO,MWC,Original,MWC,Non-profit corporation,,,,,,,,,,,,,,,,,,,
CA3301031,BANNING HTS. MUTUAL WATER CO.,Riverside,SWRCB,,MWC,Original,MWC,Non-profit corporation,,,,,,,,,,,,,,,,,,,
CA3301107,CARVER TRACT MUTUAL WATER COMP,Riverside,SWRCB,,MWC,Original,MWC,Non-profit corporation,,,,,,,,,,,,,,,,,,,
CA3301180,ANZA MUTUAL WATER COMPANY,Riverside,SWRCB,,MWC,Original,MWC,Non-profit corporation,,,,,,,,,,,,,,,,,,,
CA3301502,PARADISE VALLEY MWC,Riverside,SWRCB,,MWC,Original,MWC,Non-profit corporation,,,,,,,,,,,,,,,,,,,
CA3301535,RANCHO CARRILLO MWC,Riverside,SWRCB,,MWC,Original,MWC,Non-profit corporation,,,,,,,,,,,,,,,,,,,
CA3301541,RECHE CANYON MUTUAL WATER CO.,Riverside,SWRCB,,MWC,Original,MWC,Non-profit corporation,,,,,,,,,,,,,,,,,,,
CA3301676,THOMAS MOUNTAIN WATER COMPANY,Riverside,SWRCB,,MWC,Original,MWC,Non-profit corporation,,,,,,,,,,,,,,,,,,,
CA3301682,TRAILS END MUTUAL WATER COMPANY,Riverside,SWRCB,,MWC,Original,MWC,Non-profit corporation,,,,,,,,,,,,,,,,,,,
CA3301937,MESQUITE MUTUAL WATER CO.,Riverside,SWRCB,,MWC,Original,MWC,Non-profit corporation,,,,,,,,,,,,,,,,,,,
CA3310004,BOX SPRINGS MUTUAL WC,Riverside,SWRCB,,MWC,Original,MWC,Non-profit corporation,,,,,,,,,,,,,,,,,,,
CA3310017,SOUTH MESA WC,Riverside,SWRCB,,MWC,Original,MWC,Non-profit corporation,,,,,,,,,,,,,,,,,,,
CA3310046,FARM MUTUAL W.C. (THE),Riverside,SWRCB,,MWC,Original,MWC,Non-profit corporation,,,,,,,,,,,,,,,,,,,
CA3310051,MYOMA DUNES MUTUAL WATER COMPANY,Riverside,SWRCB,,MWC,Original,MWC,Non-profit corporation,,,,,,,,,,,,,,,,,,,
CA2000506,SIERRA LINDA MUTUAL WATER CO,Madera,SWRCB,Madera-LPA,MWC,Original,MWC,Non-profit corporation,,,,,,,,,,,,,,,,,,,
CA2000509,CASCADEL MUTUAL WATER SYSTEM,Madera,SWRCB,Madera-LPA,MWC,Original,MWC,Non-profit corporation,,,,,,,,,,,,,,,,,,,
CA2000512,EAST ACRES MUTUAL WATER COMPANY,Madera,SWRCB,Madera-LPA,MWC,Original,MWC,Non-profit corporation,,,,,,,,,,,,,,,,,,,
CA2000521,BROADVIEW TERRACE MUTUAL WATER COMPANY,Madera,SWRCB,FALSE,MWC,Original,MWC,Non-profit corporation,,,,,,,,,,,,,,,,,,,
CA2000527,YOSEMITE FORKS EST MUTUAL,Madera,SWRCB,Madera-LPA,MWC,Original,MWC,Non-profit corporation,,,,,,,,,,,,,,,,,,,
CA2000529,BONADELLE RANCHOS MUTUAL WATER,Madera,SWRCB,Madera-LPA,MWC,Original,MWC,Non-profit corporation,,,,,,,,,,,,,,,,,,,
CA2000530,CRASS MUTUAL WATER COMPANY,Madera,SWRCB,Madera-LPA,MWC,Original,MWC,Non-profit corporation,,,,,,,,,,,,,,,,,,,
CA2000534,LEISURE ACRES MUTUAL WATER COMPANY,Madera,SWRCB,Madera-LPA,MWC,Original,MWC,Non-profit corporation,,,,,,,,,,,,,,,,,,,
CA2000538,CEDAR VALLEY MUTUAL WATER CO,Madera,SWRCB,Madera-LPA,MWC,Original,MWC,Non-profit corporation,,,,,,,,,,,,,,,,,,,
CA2600532,LUNDY MUTUAL WATER COMPANY,Mono,SWRCB,Mono-LPA,MWC,Original,MWC,Non-profit corporation,,,,,,,,,,,,,,,,,,,
CA2600538,LOWER ROCK CREEK MUTUAL WATER CO.,Mono,SWRCB,Mono-LPA,MWC,Original,MWC,Non-profit corporation,,,,,,,,,,,,,,,,,,,
CA2600546,CROWLEY LAKE MUTUAL WATER COMPANY,Mono,SWRCB,Mono-LPA,MWC,Original,MWC,Non-profit corporation,,,,,,,,,,,,,,,,,,,
CA2600620,MOUNTAIN MEADOWS MWC,Mono,SWRCB,Mono-LPA,MWC,Original,MWC,Non-profit corporation,,,,,,,,,,,,,,,,,,,
CA2600621,WHITE MOUNTAIN MUTUAL WATER COMPANY,Mono,SWRCB,Mono-LPA,MWC,Original,MWC,Non-profit corporation,,,,,,,,,,,,,,,,,,,
CA2600699,CHALFANT VALLEY WEST M.W.C.,Mono,SWRCB,Mono-LPA,MWC,Original,MWC,Non-profit corporation,,,,,,,,,,,,,,,,,,,
CA2700503,ASSISI MWC,Monterey,SWRCB,Monterey-LPA,MWC,Original,MWC,Non-profit corporation,,,,,,,,,,,,,,,,,,,
CA2700548,DOLAN RD MWC,Monterey,SWRCB,Monterey-LPA,MWC,Original,MWC,Non-profit corporation,,,,,,,,,,,,,,,,,,,
CA2700656,MORO COJO MWA,Monterey,SWRCB,Monterey-LPA,MWC,Original,MWC,Non-profit corporation,,,,,,,,,,,,,,,,,,,
CA2700674,PARADISE LAKE MUTUAL WATER CO.,Monterey,SWRCB,Monterey-LPA,MWC,Original,MWC,Non-profit corporation,,,,,,,,,,,,,,,,,,,
CA2700702,PRUNEDALE MWC,Monterey,SWRCB,Monterey-LPA,MWC,Original,MWC,Non-profit corporation,,,,,,,,,,,,,,,,,,,
CA2700709,RANCHO BORROMEO MWS,Monterey,SWRCB,Monterey-LPA,MWC,Original,MWC,Non-profit corporation,,,,,,,,,,,,,,,,,,,
CA3500510,MCMAHON ROAD MUTUAL WATER COMPANY,San Benito,SWRCB,,MWC,Original,MWC,Non-profit corporation,,,,,,,,,,,,,,,,,,,
CA3500549,ROSA MORADA MUTUAL WATER COMPANY,San Benito,SWRCB,,MWC,Original,MWC,Non-profit corporation,,,,,,,,,,,,,,,,,,,
CA3500550,SAN JUSTO MUTUAL WATER COMPANY,San Benito,SWRCB,,MWC,Original,MWC,Non-profit corporation,,,,,,,,,,,,,,,,,,,
CA3500552,VENTURE ESTATES MWC,San Benito,SWRCB,,MWC,Original,MWC,Non-profit corporation,,,,,,,,,,,,,,,,,,,
CA3500575,SPRINGWOOD ESTATES MWC,San Benito,SWRCB,,MWC,Original,MWC,Non-profit corporation,,,,,,,,,,,,,,,,,,,
CA3500576,AROMAS HILLS MUTUAL WATER ASSOCIATION,San Benito,SWRCB,,MWC,Original,MWC,Non-profit corporation,,,,,,,,,,,,,,,,,,,
CA3500578,LOS MADRONES MWC,San Benito,SWRCB,,MWC,Original,MWC,Non-profit corporation,,,,,,,,,,,,,,,,,,,
CA3500579,VINEYARD ESTATES MWC,San Benito,SWRCB,,MWC,Original,MWC,Non-profit corporation,,,,,,,,,,,,,,,,,,,
CA3500581,RANCHO SAN JOAQUIN MWC,San Benito,SWRCB,,MWC,Original,MWC,Non-profit corporation,,,,,,,,,,,,,,,,,,,
CA3500823,BEST ROAD MWC,San Benito,SWRCB,,MWC,Original,MWC,Non-profit corporation,,,,,,,,,,,,,,,,,,,
CA3500825,UNION HEIGHTS MWC,San Benito,SWRCB,,MWC,Original,MWC,Non-profit corporation,,,,,,,,,,,,,,,,,,,
CA3500900,ASHFORD HIGHLANDS MWC,San Benito,SWRCB,,MWC,Original,MWC,Non-profit corporation,,,,,,,,,,,,,,,,,,,
CA3500911,CREEKBRIDGE MUTUAL WATER COMPANY,San Benito,SWRCB,,MWC,Original,MWC,Non-profit corporation,,,,,,,,,,,,,,,,,,,
CA3500912,COMSTOCK MUTUAL WATER COMPANY,San Benito,SWRCB,,MWC,Original,MWC,Non-profit corporation,,,,,,,,,,,,,,,,,,,
CA2700731,Z RANCH MWC,Monterey,SWRCB,Monterey-LPA,MWC,Original,MWC,Non-profit corporation,,,,,,,,,,,,,,,,,,,
CA2700775,TIERRA VERDE MWC,Monterey,SWRCB,Monterey-LPA,MWC,Original,MWC,Non-profit corporation,,,,,,,,,,,,,,,,,,,
CA2701254,CARMEL RIVIERA MWC,Monterey,SWRCB,Monterey-LPA,MWC,Original,MWC,Non-profit corporation,,,,,,,,,,,,,,,,,,,
CA2701263,PARTINGTON MWC,Monterey,SWRCB,Monterey-LPA,MWC,Original,MWC,Non-profit corporation,,,,,,,,,,,,,,,,,,,
CA2701278,RANCHO CHAPARRAL MWC,Monterey,SWRCB,Monterey-LPA,MWC,Original,MWC,Non-profit corporation,,,,,,,,,,,,,,,,,,,
CA2701279,COASTLANDS MWS (POST CREEK),Monterey,SWRCB,Monterey-LPA,MWC,Original,MWC,Non-profit corporation,,,,,,,,,,,,,,,,,,,
CA2701364,PEDRAZZI MWC,Monterey,SWRCB,Monterey-LPA,MWC,Original,MWC,Non-profit corporation,,,,,,,,,,,,,,,,,,,
CA2701452,MONTEREY DUNES MWA,Monterey,SWRCB,Monterey-LPA,MWC,Original,MWC,Non-profit corporation,,,,,,,,,,,,,,,,,,,
CA2701503,MESA DEL TORO MWC,Monterey,SWRCB,Monterey-LPA,MWC,Original,MWC,Non-profit corporation,,,,,,,,,,,,,,,,,,,
CA2701570,LOS CARNEROS MWA,Monterey,SWRCB,Monterey-LPA,MWC,Original,MWC,Non-profit corporation,,,,,,,,,,,,,,,,,,,
CA2701589,SUNNY ACRES MWS,Monterey,SWRCB,Monterey-LPA,MWC,Original,MWC,Non-profit corporation,,,,,,,,,,,,,,,,,,,
CA2701731,BRANDON CREEK MWS,Monterey,SWRCB,Monterey-LPA,MWC,Original,MWC,Non-profit corporation,,,,,,,,,,,,,,,,,,,
CA2701789,HOLLY HILLS MWC,Monterey,SWRCB,Monterey-LPA,MWC,Original,MWC,Non-profit corporation,,,At one point they were maintained by a local CSD but are now independent (http://pajarosunnymesa.com/index.php?page=water),3/1/2023,,,,,,,,,,,,,,,
CA2701800,TULARCITOS MWC,Monterey,SWRCB,Monterey-LPA,MWC,Original,MWC,Non-profit corporation,,,,,,,,,,,,,,,,,,,
CA2701822,ROBLEY PROPERTY MWS,Monterey,SWRCB,Monterey-LPA,MWC,Original,MWC,Non-profit corporation,,,,,,,,,,,,,,,,,,,
CA2701888,CACHAGUA MUTUAL WS (#4),Monterey,SWRCB,Monterey-LPA,MWC,Original,MWC,Non-profit corporation,,,,,,,,,,,,,,,,,,,
CA3600139,JUBILEE MWC,San Bernardino,SWRCB,NO,MWC,Original,MWC,Non-profit corporation,,,,,,,,,,,,,,,,,,,
CA2701918,LOMAS DEL SOL MWS,Monterey,SWRCB,Monterey-LPA,MWC,Original,MWC,Non-profit corporation,,,,,,,,,,,,,,,,,,,
CA2701929,COUNTRY MEADOWS MWC,Monterey,SWRCB,Monterey-LPA,MWC,Original,MWC,Non-profit corporation,,,,,,,,,,,,,,,,,,,
CA2701935,MOUNT TORO RANCHOS MWA,Monterey,SWRCB,Monterey-LPA,MWC,Original,MWC,Non-profit corporation,,,,,,,,,,,,,,,,,,,
CA2701956,PIONEER PLACE MWS,Monterey,SWRCB,Monterey-LPA,MWC,Original,MWC,Non-profit corporation,,,,,,,,,,,,,,,,,,,
CA2701959,TIERRA VISTA MWC,Monterey,SWRCB,Monterey-LPA,MWC,Original,MWC,Non-profit corporation,,,,,,,,,,,,,,,,,,,
CA2702003,VIERRA MEADOWS MWC,Monterey,SWRCB,Monterey-LPA,MWC,Original,MWC,Non-profit corporation,,,,,,,,,,,,,,,,,,,
CA2702055,VIERRA KNOLLS MWC,Monterey,SWRCB,Monterey-LPA,MWC,Original,MWC,Non-profit corporation,,,,,,,,,,,,,,,,,,,
CA2702148,ASOLEADO MWC,Monterey,SWRCB,Monterey-LPA,MWC,Original,MWC,Non-profit corporation,,,,,,,,,,,,,,,,,,,
CA3600200,RANCHERITOS MWC,San Bernardino,SWRCB,NO,MWC,Original,MWC,Non-profit corporation,,,,,,,,,,,,,,,,,,,
CA2702374,COUNTRYSIDE ESTATES MWC,Monterey,SWRCB,Monterey-LPA,MWC,Original,MWC,Non-profit corporation,,,,,,,,,,,,,,,,,,,
CA2702439,WOODLAND HEIGHTS MWC,Monterey,SWRCB,Monterey-LPA,MWC,Original,MWC,Non-profit corporation,,,,,,,,,,,,,,,,,,,
CA2702466,SAN VICENTE MWC,Monterey,SWRCB,Monterey-LPA,MWC,Original,MWC,Non-profit corporation,,,,,,,,,,,,,,,,,,,
CA2702520,ARROYO SECO ESTATES MWS,Monterey,SWRCB,Monterey-LPA,MWC,Original,MWC,Non-profit corporation,,,,,,,,,,,,,,,,,,,
CA2702554,HIDDEN CANYON RANCH MWC,Monterey,SWRCB,Monterey-LPA,MWC,Original,MWC,Non-profit corporation,,,,,,,,,,,,,,,,,,,
CA2702608,THIMIO MWC,Monterey,SWRCB,Monterey-LPA,MWC,Original,MWC,Non-profit corporation,,,,,,,,,,,,,,,,,,,
CA2800516,TUCKER ACRES MUTUAL WATER CO.,Napa,SWRCB,Napa-LPA,MWC,Original,MWC,Non-profit corporation,,,,,,,,,,,,,,,,,,,
CA2800525,LA TIERRA HEIGHTS MUTUAL,Napa,SWRCB,Napa-LPA,MWC,Original,MWC,Non-profit corporation,,,,,,,,,,,,,,,,,,,
CA2800527,LINDA FALLS TERRACE MUTUAL,Napa,SWRCB,Napa-LPA,MWC,Original,MWC,Non-profit corporation,,,,,,,,,,,,,,,,,,,
CA2800528,LINDA VISTA MUTUAL WATER CO,Napa,SWRCB,Napa-LPA,MWC,Original,MWC,Non-profit corporation,,,,,,,,,,,,,,,,,,,
CA2800532,VAILIMA ESTATES MUTUAL WATER,Napa,SWRCB,Napa-LPA,MWC,Original,MWC,Non-profit corporation,,,,,,,,,,,,,,,,,,,
CA2900548,SIERRA ESTATES MUTUAL WATER COMPANY,Nevada,SWRCB,Nevada-LPA,MWC,Original,MWC,Non-profit corporation,,,,,,,,,,,,,,,,,,,
CA3100058,DUTCH FLAT MUTUAL,Placer,SWRCB,Placer-LPA,MWC,Original,MWC,Non-profit corporation,,,,,,,,,,,,,,,,,,,
CA3100528,GOLDEN HILLS MUTUAL WATER CO,Placer,SWRCB,Placer-LPA,MWC,Original,MWC,Non-profit corporation,,,,,,,,,,,,,,,,,,,
CA3100538,ROSECREST MUTUAL,Placer,SWRCB,Placer-LPA,MWC,Original,MWC,Non-profit corporation,,,,,,,,,,,,,,,,,,,
CA3103310,EMIGRANT GAP MUTUAL WATER CO.,Placer,SWRCB,Placer-LPA,MWC,Original,MWC,Non-profit corporation,,,,,,,,,,,,,,,,,,,
CA3107339,FOLSOM LAKE MUTUAL WATER CO,Placer,SWRCB,Placer-LPA,MWC,Original,MWC,Non-profit corporation,,,,,,,,,,,,,,,,,,,
CA3200102,WHITEHAWK RANCH MWC,Plumas,SWRCB,Plumas-LPA,MWC,Original,MWC,Non-profit corporation,,,,,,,,,,,,,,,,,,,
CA3400172,TOKAY PARK WATER CO,Sacramento,SWRCB,Sacramento-LPA,MWC,Original,MWC,Non-profit corporation,,,,,,,,,,,,,,,,,,,
CA3600012,APPLE VALLEY VIEW MWC,San Bernardino,SWRCB,San Bernardino-LPA,MWC,Original,MWC,Non-profit corporation,,,,,,,,,,,,,,,,,,,
CA3600025,BAR-LEN MWC,San Bernardino,SWRCB,San Bernardino-LPA,MWC,Original,MWC,Non-profit corporation,,,,,,,,,,,,,,,,,,,
CA3610002,ALPINE WATER USERS ASSOCIATION,San Bernardino,SWRCB,NO,MWC,Original,MWC,Non-profit corporation,,,,,,,,,,,,,,,,,,,
CA3600027,"BAR ""H"" MWC",San Bernardino,SWRCB,San Bernardino-LPA,MWC,Original,MWC,Non-profit corporation,,,,,,,,,,,,,,,,,,,
CA3610011,CEDARPINES PARK MWC,San Bernardino,SWRCB,NO,MWC,Original,MWC,Non-profit corporation,,,,,,,,,,,,,,,,,,,
CA3610016,GLEN MARTIN MWC,San Bernardino,SWRCB,NO,MWC,Original,MWC,Non-profit corporation,,,,,,,,,,,,,,,,,,,
CA3600064,CAMP WATERMAN MWC,San Bernardino,SWRCB,San Bernardino-LPA,MWC,Original,MWC,Non-profit corporation,,,,,,,,,,,,,,,,,,,
CA3610023,GREEN VALLEY MWC,San Bernardino,SWRCB,NO,MWC,Original,MWC,Non-profit corporation,,,,,,,,,,,,,,,,,,,
CA3610028,MARYGOLD MWC,San Bernardino,SWRCB,NO,MWC,Original,MWC,Non-profit corporation,,,,,,,,,,,,,,,,,,,
CA3610031,MUSCOY MWC NO. 1,San Bernardino,SWRCB,NO,MWC,Original,MWC,Non-profit corporation,,,,,,,,,,,,,,,,,,,
CA3610046,VALLEY VIEW PARK MWC,San Bernardino,SWRCB,NO,MWC,Original,MWC,Non-profit corporation,,,,,,,,,,,,,,,,,,,
CA3610051,VALLEY OF ENCHANTMENT MWC,San Bernardino,SWRCB,NO,MWC,Original,MWC,Non-profit corporation,,,,,,,,,,,,,,,,,,,
CA3610053,WESTERN HEIGHTS WATER COMPANY,San Bernardino,SWRCB,NO,MWC,Original,MWC,Non-profit corporation,,,,,,,,,,,,,,,,,,,
CA3600071,CHAMISAL MWC,San Bernardino,SWRCB,San Bernardino-LPA,MWC,Original,MWC,Non-profit corporation,,,,,,,,,,,,,,,,,,,
CA3600088,DESERT DAWN MWC,San Bernardino,SWRCB,San Bernardino-LPA,MWC,Original,MWC,Non-profit corporation,,,,,,,,,,,,,,,,,,,
CA3610085,SAN ANTONIO WATER COMPANY,San Bernardino,SWRCB,NO,MWC,Original,MWC,Non-profit corporation,,,,,,,,,,,,,,,,,,,
CA3600089,DESERT SPRINGS MWC,San Bernardino,SWRCB,San Bernardino-LPA,MWC,Original,MWC,Non-profit corporation,,,,,,,,,,,,,,,,,,,
CA3610093,ARROWHEAD VILLAS MUTUAL SERVICE COMPANY,San Bernardino,SWRCB,NO,MWC,Original,MWC,Non-profit corporation,,,,,,,,,,,,,,,,,,,
CA3610109,SHEEP CREEK WATER COMPANY,San Bernardino,SWRCB,NO,MWC,Original,MWC,Non-profit corporation,,,,,,,,,,,,,,,,,,,
CA3600107,FOREST PARK MWC,San Bernardino,SWRCB,San Bernardino-LPA,MWC,Original,MWC,Non-profit corporation,,,,,,,,,,,,,,,,,,,
CA3600123,HI DESERT MWC,San Bernardino,SWRCB,San Bernardino-LPA,MWC,Original,MWC,Non-profit corporation,,,,,,,,,,,,,,,,,,,
CA3700277,SUNRISE ESTATES MUTUAL WATER COMPANY,San Diego,SWRCB,,MWC,Original,MWC,Non-profit corporation,,,,,,,,,,,,,,,,,,,
CA3700422,LAGUNA MOUNTIAN MUTUAL WATER CO.,San Diego,SWRCB,,MWC,Original,MWC,Non-profit corporation,,,,,,,,,,,,,,,,,,,
CA3700866,DEL DIOS MUTUAL WATER COMPANY,San Diego,SWRCB,,MWC,Original,MWC,Non-profit corporation,,,,,,,,,,,,,,,,,,,
CA3700897,GUATAY MUTUAL BENEFIT CORPORATION,San Diego,SWRCB,,MWC,Original,MWC,Non-profit corporation,,,,,,,,,,,,,,,,,,,
CA3700905,PINE HILLS MUTUAL WATER COMPANY,San Diego,SWRCB,,MWC,Original,MWC,Non-profit corporation,,,,,,,,,,,,,,,,,,,
CA3700918,RANCHO SANTA TERESA MW CO.,San Diego,SWRCB,,MWC,Original,MWC,Non-profit corporation,,,,,,,,,,,,,,,,,,,
CA3700923,LAKE MORENA OAK SHORES MWC,San Diego,SWRCB,,MWC,Original,MWC,Non-profit corporation,,,,,,,,,,,,,,,,,,,
CA3700924,LAKE MORENA VIEWS MWC,San Diego,SWRCB,,MWC,Original,MWC,Non-profit corporation,,,,,,,,,,,,,,,,,,,
CA3700933,PALOMAR MOUNTAIN MUTUAL WATER CO.,San Diego,SWRCB,,MWC,Original,MWC,Non-profit corporation,,,,,,,,,,,,,,,,,,,
CA3700934,PAUMA VALLEY WATER COMPANY,San Diego,SWRCB,,MWC,Original,MWC,Non-profit corporation,,,,,,,,,,,,,,,,,,,
CA3700936,RANCHO ESTATES MUTUAL WATER CO.,San Diego,SWRCB,,MWC,Original,MWC,Non-profit corporation,,,,,,,,,,,,,,,,,,,
CA3700937,LAZY H MUTUAL WATER COMPANY,San Diego,SWRCB,,MWC,Original,MWC,Non-profit corporation,,,,,,,,,,,,,,,,,,,
CA3700958,LOS TULES MUTUAL WATER COMPANY,San Diego,SWRCB,,MWC,Original,MWC,Non-profit corporation,,,,,,,,,,,,,,,,,,,
CA3701747,NORTH PEAK MUTUAL WATER COMPANY,San Diego,SWRCB,,MWC,Original,MWC,Non-profit corporation,,,,,,,,,,,,,,,,,,,
CA3710012,RANCHO PAUMA MUTUAL WC,San Diego,SWRCB,,MWC,Original,MWC,Non-profit corporation,,,,,,,,,,,,,,,,,,,
CA3710039,PINE VALLEY MUTUAL WC,San Diego,SWRCB,,MWC,Original,MWC,Non-profit corporation,,,,,,,,,,,,,,,,,,,
CA3600156,LUCERNE VALLEY MWC,San Bernardino,SWRCB,San Bernardino-LPA,MWC,Original,MWC,Non-profit corporation,,,,,,,,,,,,,,,,,,,
CA3600157,LUCERNE VISTA MWC,San Bernardino,SWRCB,San Bernardino-LPA,MWC,Original,MWC,Non-profit corporation,,,,,,,,,,,,,,,,,,,
CA3600166,MILL CREEK MSC,San Bernardino,SWRCB,San Bernardino-LPA,MWC,Original,MWC,Non-profit corporation,,,,,,,,,,,,,,,,,,,
CA3600180,NAVAJO MWC,San Bernardino,SWRCB,San Bernardino-LPA,MWC,Original,MWC,Non-profit corporation,,,,,,,,,,,,,,,,,,,
CA3600184,NORTH SHORE MWC,San Bernardino,SWRCB,San Bernardino-LPA,MWC,Original,MWC,Non-profit corporation,,,,,,,,,,,,,,,,,,,
CA3600185,OAK GLEN DOMESTIC WATER,San Bernardino,SWRCB,San Bernardino-LPA,MWC,Original,MWC,Non-profit corporation,,,,,,,,,,,,,,,,,,,
CA3600209,ROCKY COMFORT MUTUAL WATER CO,San Bernardino,SWRCB,San Bernardino-LPA,MWC,Original,MWC,Non-profit corporation,,,,,,,,,,,,,,,,,,,
CA3600258,SKY FOREST MWC,San Bernardino,SWRCB,San Bernardino-LPA,MWC,Original,MWC,Non-profit corporation,,,,,,,,,,,,,,,,,,,
CA3600301,STRAWBERRY LODGE MWC,San Bernardino,SWRCB,San Bernardino-LPA,MWC,Original,MWC,Non-profit corporation,,,,,,,,,,,,,,,,,,,
CA3600345,WEST END MWC,San Bernardino,SWRCB,San Bernardino-LPA,MWC,Original,MWC,Non-profit corporation,,,,,,,,,,,,,,,,,,,
CA3610082,SAN ANTONIO CANYON MSC,San Bernardino,SWRCB,FALSE,MWC,Original,MWC,Non-profit corporation,,,,,,,,,,,,,,,,,,,
CA3610086,WEST END CONSOLIDATED WATER COMPANY,San Bernardino,SWRCB,FALSE,City,Original,MWC,Non-profit corporation,Mutual Water Company,,"City of upland is the majority owner but still is a mutual water company, that is a wholesaler to 78,891 people.",3/2/2023,Yes,,,,,,,,,,,,,,
CA3900733,COUNTRY CLUB VISTA MUTUAL WATER CO,San Joaquin,SWRCB,San Joaquin-LPA,MWC,Original,MWC,Non-profit corporation,,,,,,,,,,,,,,,,,,,
CA4000200,BASSI RANCH MUTUAL WATER CO.,San Luis Obispo,SWRCB,San Luis Obispo-LPA,MWC,Original,MWC,Non-profit corporation,,,,,,,,,,,,,,,,,,,
CA4000203,IRISH HILLS MUTUAL WATER CO,San Luis Obispo,SWRCB,San Luis Obispo-LPA,MWC,Original,MWC,Non-profit corporation,,,,,,,,,,,,,,,,,,,
CA4000214,BARON CANYON MUTUAL WATER CO.,San Luis Obispo,SWRCB,San Luis Obispo-LPA,MWC,Original,MWC,Non-profit corporation,,,,,,,,,,,,,,,,,,,
CA4000230,CANYON CREST MUTUAL BENEFIT WC,San Luis Obispo,SWRCB,San Luis Obispo-LPA,MWC,Original,MWC,Non-profit corporation,,,,,,,,,,,,,,,,,,,
CA4000506,WOODLAND PARK MUTUAL WATER CO,San Luis Obispo,SWRCB,San Luis Obispo-LPA,MWC,Original,MWC,Non-profit corporation,,,,,,,,,,,,,,,,,,,
CA4000523,S & T MUTUAL WATER COMPANY,San Luis Obispo,SWRCB,San Luis Obispo-LPA,MWC,Original,MWC,Non-profit corporation,,,,,,,,,,,,,,,,,,,
CA4000554,GREEN RIVER MUTUAL WATER CO.,San Luis Obispo,SWRCB,San Luis Obispo-LPA,MWC,Original,MWC,Non-profit corporation,,,,,,,,,,,,,,,,,,,
CA4000670,WALNUT HILLS MUTUAL WATER CO,San Luis Obispo,SWRCB,San Luis Obispo-LPA,MWC,Original,MWC,Non-profit corporation,,,,,,,,,,,,,,,,,,,
CA4000705,LAGUNA NEGRA MUTUAL WATER CO.,San Luis Obispo,SWRCB,San Luis Obispo-LPA,MWC,Original,MWC,Non-profit corporation,,,,,,,,,,,,,,,,,,,
CA4000716,AVILA VALLEY MUTUAL WATER CO,San Luis Obispo,SWRCB,San Luis Obispo-LPA,MWC,Original,MWC,Non-profit corporation,,,,,,,,,,,,,,,,,,,
CA4000765,VARIAN RANCH MUTUAL WATER,San Luis Obispo,SWRCB,San Luis Obispo-LPA,MWC,Original,MWC,Non-profit corporation,,,,,,,,,,,,,,,,,,,
CA4000775,MUSTANG SPRINGS MUTUAL WATER,San Luis Obispo,SWRCB,San Luis Obispo-LPA,MWC,Original,MWC,Non-profit corporation,,,,,,,,,,,,,,,,,,,
CA4000789,SPANISH LAKES MUTUAL WATER CO,San Luis Obispo,SWRCB,San Luis Obispo-LPA,MWC,Original,MWC,Non-profit corporation,,,,,,,,,,,,,,,,,,,
CA4000802,SANTA YSABEL RANCH MWC,San Luis Obispo,SWRCB,San Luis Obispo-LPA,MWC,Original,MWC,Non-profit corporation,,,,,,,,,,,,,,,,,,,
CA4000803,RANCHO SALINAS MBWC,San Luis Obispo,SWRCB,San Luis Obispo-LPA,MWC,Original,MWC,Non-profit corporation,,,,,,,,,,,,,,,,,,,
CA4000805,CALLENDER GROVE MUTUAL WATER,San Luis Obispo,SWRCB,San Luis Obispo-LPA,MWC,Original,MWC,Non-profit corporation,,,,,,,,,,,,,,,,,,,
CA4000808,MONTE SERENO MUTUAL BENEFIT WATER,San Luis Obispo,SWRCB,San Luis Obispo-LPA,MWC,Original,MWC,Non-profit corporation,,,,,,,,,,,,,,,,,,,
CA4200556,FOSTER ROAD MUTUAL WATER COMPANY,Santa Barbara,SWRCB,Santa Barbara-LPA,MWC,Original,MWC,Non-profit corporation,,,,,,,,,,,,,,,,,,,
CA4200572,LAS POSITAS MUTUAL WATER COMPANY,Santa Barbara,SWRCB,Santa Barbara-LPA,MWC,Original,MWC,Non-profit corporation,,,,,,,,,,,,,,,,,,,
CA4200578,PAINTED CAVE,Santa Barbara,SWRCB,Santa Barbara-LPA,MWC,Original,MWC,Non-profit corporation,,,,,,,,,,,,,,,,,,,
CA4200579,ROSARIO PARK,Santa Barbara,SWRCB,Santa Barbara-LPA,MWC,Original,MWC,Non-profit corporation,,,,,,,,,,,,,,,,,,,
CA4200580,SAN MARCOS MUTUAL WATER COMPANY,Santa Barbara,SWRCB,Santa Barbara-LPA,MWC,Original,MWC,Non-profit corporation,,,,,,,,,,,,,,,,,,,
CA4200612,MEADOWLARK RANCHES MUTUAL WATER COMPANY,Santa Barbara,SWRCB,Santa Barbara-LPA,MWC,Original,MWC,Non-profit corporation,,,,,,,,,,,,,,,,,,,
CA4200619,SANTA YNEZ RANCHO ESTATES,Santa Barbara,SWRCB,Santa Barbara-LPA,MWC,Original,MWC,Non-profit corporation,,,,,,,,,,,,,,,,,,,
CA4200633,LINGATE MUTUAL WATER COMPANY,Santa Barbara,SWRCB,Santa Barbara-LPA,MWC,Original,MWC,Non-profit corporation,,,,,,,,,,,,,,,,,,,
CA4200678,SANTA ANITA MUTUAL WATER COMPANY,Santa Barbara,SWRCB,Santa Barbara-LPA,MWC,Original,MWC,Non-profit corporation,,,,,,,,,,,,,,,,,,,
CA4200684,LINCOLNWOOD MUTUAL WATER COMPANY,Santa Barbara,SWRCB,Santa Barbara-LPA,MWC,Original,MWC,Non-profit corporation,,,,,,,,,,,,,,,,,,,
CA4200693,ELLWOOD MUTUAL WATER COMPANY,Santa Barbara,SWRCB,Santa Barbara-LPA,MWC,Original,MWC,Non-profit corporation,,,,,,,,,,,,,,,,,,,
CA4200702,VIEJA MUTUAL WATER COMPANY,Santa Barbara,SWRCB,Santa Barbara-LPA,MWC,Original,MWC,Non-profit corporation,,,,,,,,,,,,,,,,,,,
CA4200703,EL CAPITAN MUTUAL WATER COMPANY,Santa Barbara,SWRCB,Santa Barbara-LPA,MWC,Original,MWC,Non-profit corporation,,,,,,,,,,,,,,,,,,,
CA4200714,SAN AUGUSTINE MUTUAL WATER COMPANY,Santa Barbara,SWRCB,Santa Barbara-LPA,MWC,Original,MWC,Non-profit corporation,,,,,,,,,,,,,,,,,,,
CA4200731,ALEGRIA DOMESTIC MUTUAL WATER COMPANY,Santa Barbara,SWRCB,Santa Barbara-LPA,MWC,Original,MWC,Non-profit corporation,,,,,,,,,,,,,,,,,,,
CA4200733,MONTECITO SEA MEADOWS,Santa Barbara,SWRCB,Santa Barbara-LPA,MWC,Original,MWC,Non-profit corporation,,,,,,,,,,,,,,,,,,,
CA4200800,EAST VALLEY FARMS MUTUAL WATER COMPANY,Santa Barbara,SWRCB,Santa Barbara-LPA,MWC,Original,MWC,Non-profit corporation,,,,,,,,,,,,,,,,,,,
CA4200802,OAK TRAIL RANCH,Santa Barbara,SWRCB,Santa Barbara-LPA,MWC,Original,MWC,Non-profit corporation,,,,,,,,,,,,,,,,,,,
CA4200837,RANCHO YNECITA,Santa Barbara,SWRCB,Santa Barbara-LPA,MWC,Original,MWC,Non-profit corporation,,,,,,,,,,,,,,,,,,,
CA4200848,VISTA HILLS MUTUAL WATER COMPANY,Santa Barbara,SWRCB,Santa Barbara-LPA,MWC,Original,MWC,Non-profit corporation,,,,,,,,,,,,,,,,,,,
CA4200862,MESA HILLS MUTUAL WATER COMPANY,Santa Barbara,SWRCB,Santa Barbara-LPA,MWC,Original,MWC,Non-profit corporation,,,,,,,,,,,,,,,,,,,
CA4200881,OAK TRAIL ESTATES,Santa Barbara,SWRCB,Santa Barbara-LPA,MWC,Original,MWC,Non-profit corporation,,,,,,,,,,,,,,,,,,,
CA3910022,LITTLE POTATO SLOUGH MUTUAL,San Joaquin,SWRCB,NO,MWC,Original,MWC,Non-profit corporation,,,,,,,,,,,,,,,,,,,
CA4200891,BOBCAT SPRINGS MUTUAL WATER COMPANY,Santa Barbara,SWRCB,Santa Barbara-LPA,MWC,Original,MWC,Non-profit corporation,,,,,,,,,,,,,,,,,,,
CA4400502,TROUT GULCH MUTUAL WATER COMPANY,Santa Cruz,SWRCB,Santa Cruz-LPA,MWC,Original,MWC,Non-profit corporation,,,,,,,,,,,,,,,,,,,
CA4400558,SAN ANDREAS MUTUAL WATER CO,Santa Cruz,SWRCB,Santa Cruz-LPA,MWC,Original,MWC,Non-profit corporation,,,,,,,,,,,,,,,,,,,
CA4400559,SUMMIT MUTUAL WATER COMPANY,Santa Cruz,SWRCB,Santa Cruz-LPA,MWC,Original,MWC,Non-profit corporation,,,,,,,,,,,,,,,,,,,
CA4400582,PINE TREE LANE MUTUAL WATER CO,Santa Cruz,SWRCB,Santa Cruz-LPA,MWC,Original,MWC,Non-profit corporation,,,,,,,,,,,,,,,,,,,
CA4400585,RIDGEVIEW ESTATES MWC,Santa Cruz,SWRCB,Santa Cruz-LPA,MWC,Original,MWC,Non-profit corporation,,,,,,,,,,,,,,,,,,,
CA4400595,VILLA DEL MONTE MWC,Santa Cruz,SWRCB,Santa Cruz-LPA,MWC,Original,MWC,Non-profit corporation,,,,,,,,,,,,,,,,,,,
CA4400599,SUNSET BEACH MUTUAL WATER CO,Santa Cruz,SWRCB,Santa Cruz-LPA,MWC,Original,MWC,Non-profit corporation,,,,,,,,,,,,,,,,,,,
CA4400611,JARVIS MUTUAL WATER SYSTEM,Santa Cruz,SWRCB,Santa Cruz-LPA,MWC,Original,MWC,Non-profit corporation,,,,,,,,,,,,,,,,,,,
CA4400617,SUMMIT WEST MUTUAL WATER CO.,Santa Cruz,SWRCB,Santa Cruz-LPA,MWC,Original,MWC,Non-profit corporation,,,,,,,,,,,,,,,,,,,
CA4400618,RIDGE MUTUAL WATER COMPANY,Santa Cruz,SWRCB,Santa Cruz-LPA,MWC,Original,MWC,Non-profit corporation,,,,,,,,,,,,,,,,,,,
CA4400621,RIVER GROVE MUTUAL WATER ASSN,Santa Cruz,SWRCB,Santa Cruz-LPA,MWC,Original,MWC,Non-profit corporation,,,,,,,,,,,,,,,,,,,
CA4400631,LAS CUMBRES MUTUAL WATER CO,Santa Cruz,SWRCB,Santa Cruz-LPA,MWC,Original,MWC,Non-profit corporation,,,,,,,,,,,,,,,,,,,
CA4400642,CATHEDRAL WOOD MUTUAL WATER COMPANY,Santa Cruz,SWRCB,Santa Cruz-LPA,MWC,Original,MWC,Non-profit corporation,,,,,,,,,,,,,,,,,,,
CA4400645,HIDDEN MEADOW MUTUAL WATER CO,Santa Cruz,SWRCB,Santa Cruz-LPA,MWC,Original,MWC,Non-profit corporation,,,,,,,,,,,,,,,,,,,
CA4400652,"CATHEDRAL HILLS MWC, INC",Santa Cruz,SWRCB,Santa Cruz-LPA,MWC,Original,MWC,Non-profit corporation,,,,,,,,,,,,,,,,,,,
CA4400665,MEADOWRIDGE MUTUAL WATER CO,Santa Cruz,SWRCB,Santa Cruz-LPA,MWC,Original,MWC,Non-profit corporation,,,,,,,,,,,,,,,,,,,
CA4400684,APTOS RIDGE MUTUAL WATER CO,Santa Cruz,SWRCB,Santa Cruz-LPA,MWC,Original,MWC,Non-profit corporation,,,,,,,,,,,,,,,,,,,
CA4500003,MEL MAR MUTUAL WATER CO,Shasta,SWRCB,Shasta-LPA,MWC,Original,MWC,Non-profit corporation,,,,,,,,,,,,,,,,,,,
CA4500007,VERDE VALE WATER COMPANY,Shasta,SWRCB,Shasta-LPA,MWC,Original,MWC,Non-profit corporation,,,,,,,,,,,,,,,,,,,
CA4500008,LAKESHORE VILLA MUTUAL WATER CO,Shasta,SWRCB,Shasta-LPA,MWC,Original,MWC,Non-profit corporation,,,,,,,,,,,,,,,,,,,
CA4500009,CORTLAND PINES MUTUAL WATER CO,Shasta,SWRCB,Shasta-LPA,MWC,Original,MWC,Non-profit corporation,,,,,,,,,,,,,,,,,,,
CA4500012,CASCADE RACQUET CLUB MUTUAL WATER,Shasta,SWRCB,Shasta-LPA,MWC,Original,MWC,Non-profit corporation,,,,,,,,,,,,,,,,,,,
CA4500013,LAKESIDE WOODS MUTUAL WATER CO,Shasta,SWRCB,Shasta-LPA,MWC,Original,MWC,Non-profit corporation,,,,,,,,,,,,,,,,,,,
CA4500014,LAKESHORE HEIGHTS MUTUAL WATER,Shasta,SWRCB,Shasta-LPA,MWC,Original,MWC,Non-profit corporation,,,,,,,,,,,,,,,,,,,
CA4500023,HAT CREEK HIGHLANDS MUTUAL WATER CO,Shasta,SWRCB,Shasta-LPA,MWC,Original,MWC,Non-profit corporation,,,,,,,,,,,,,,,,,,,
CA4500027,BIG SPRINGS MUTUAL WATER SYSTEM,Shasta,SWRCB,Shasta-LPA,MWC,Original,MWC,Non-profit corporation,,,,,,,,,,,,,,,,,,,
CA4500173,CASSEL PARK MUTUAL WATER CO,Shasta,SWRCB,Shasta-LPA,MWC,Original,MWC,Non-profit corporation,,,,,,,,,,,,,,,,,,,
CA4500195,STARLITE PINES MUTUAL WATER CO INC,Shasta,SWRCB,Shasta-LPA,MWC,Original,MWC,Non-profit corporation,,,,,,,,,,,,,,,,,,,
CA4500204,WHITE OAK MUTUAL WATER COMPANY,Shasta,SWRCB,Shasta-LPA,MWC,Original,MWC,Non-profit corporation,,,,,,,,,,,,,,,,,,,
CA4500210,LASSEN PINES MUTUAL WATER CO INC,Shasta,SWRCB,Shasta-LPA,MWC,Original,MWC,Non-profit corporation,,,,,,,,,,,,,,,,,,,
CA4500235,WOODRIDGE MUTUAL WATER CO,Shasta,SWRCB,Shasta-LPA,MWC,Original,MWC,Non-profit corporation,,,,,,,,,,,,,,,,,,,
CA4010002,ATASCADERO MUTUAL WATER CO,San Luis Obispo,SWRCB,NO,MWC,Original,MWC,Non-profit corporation,,,,,,,,,,,,,,,,,,,
CA4010003,SAN MIGUELITO MWC,San Luis Obispo,SWRCB,NO,MWC,Original,MWC,Non-profit corporation,,,,,,,,,,,,,,,,,,,
CA4010015,MORRO ROCK MUTUAL WATER CO,San Luis Obispo,SWRCB,NO,MWC,Original,MWC,Non-profit corporation,,,,,,,,,,,,,,,,,,,
CA5000017,PARK HEIGHTS MUTUAL WATER CO,Stanislaus,SWRCB,Stanislaus-LPA,MWC,Original,MWC,Non-profit corporation,,,,,,,,,,,,,,,,,,,
CA5000237,NORTH OAKS MUTUAL WATER CO,Stanislaus,SWRCB,Stanislaus-LPA,MWC,Original,MWC,Non-profit corporation,,,,,,,,,,,,,,,,,,,
CA5200013,WOMACK SUBDIVISION M.W.C.,Tehama,SWRCB,Tehama-LPA,MWC,Original,MWC,Non-profit corporation,,,,,,,,,,,,,,,,,,,
CA4100503,BUTANO CANYON MUTUAL,San Mateo,SWRCB,,MWC,Original,MWC,Non-profit corporation,,,,,,,,,,,,,,,,,,,
CA4100510,REDWOOD TERRACE MUTUAL,San Mateo,SWRCB,,MWC,Original,MWC,Non-profit corporation,,,,,,,,,,,,,,,,,,,
CA4100512,LOMA MAR MUTUAL,San Mateo,SWRCB,,MWC,Original,MWC,Non-profit corporation,,,,,,,,,,,,,,,,,,,
CA4100533,SKYLONDA MUTUAL,San Mateo,SWRCB,,MWC,Original,MWC,Non-profit corporation,,,,,,,,,,,,,,,,,,,
CA4100539,KINGS MOUNTAIN PARK MUTUAL,San Mateo,SWRCB,,MWC,Original,MWC,Non-profit corporation,,,,,,,,,,,,,,,,,,,
CA4100555,PORTOLA IMPROVEMENT ASSOCIATION,San Mateo,SWRCB,,MWC,Original,MWC,Non-profit corporation,,,,,,,,,,,,,,,,,,,
CA4110019,O'CONNOR TRACT CO-OPERATIVE WATER CO.,San Mateo,SWRCB,,MWC,Original,MWC,Non-profit corporation,,,,,,,,,,,,,,,,,,,
CA4110020,PALO ALTO PARK MUTUAL WATER COMPANY,San Mateo,SWRCB,,MWC,Original,MWC,Non-profit corporation,,,,,,,,,,,,,,,,,,,
CA5200014,WILSON ACRES MUTUAL WATER,Tehama,SWRCB,Tehama-LPA,MWC,Original,MWC,Non-profit corporation,,,,,,,,,,,,,,,,,,,
CA5200535,LIVE OAK ACRES MWC INC.,Tehama,SWRCB,Tehama-LPA,MWC,Original,MWC,Non-profit corporation,,,,,,,,,,,,,,,,,,,
CA5200545,MODERN VILLAGE MWC,Tehama,SWRCB,Tehama-LPA,MWC,Original,MWC,Non-profit corporation,,,,,,,,,,,,,,,,,,,
CA5200548,LASSEN VIEW WATER DISTRICT,Tehama,SWRCB,Tehama-LPA,MWC,Original,MWC,Non-profit corporation,,,,,,,,,,,,,,,,,,,
CA5200588,JUANITA COURT MUTUAL WATER,Tehama,SWRCB,Tehama-LPA,MWC,Original,MWC,Non-profit corporation,,,,,,,,,,,,,,,,,,,
CA5200600,GURNSEY AVENUE MUTUAL WATER SYSTEM,Tehama,SWRCB,Tehama-LPA,MWC,Original,MWC,Non-profit corporation,,,,,,,,,,,,,,,,,,,
CA5200645,SADDLEBACK MUTUAL WATER CO.,Tehama,SWRCB,Tehama-LPA,MWC,Original,MWC,Non-profit corporation,,,,,,,,,,,,,,,,,,,
CA5201140,ANTOINETTE MUTUAL WATER CO,Tehama,SWRCB,Tehama-LPA,MWC,Original,MWC,Non-profit corporation,,,,,,,,,,,,,,,,,,,
CA5700707,ROLLING ACRES MUTUAL WATER COMPANY,Yolo,SWRCB,Yolo-LPA,MWC,Original,MWC,Non-profit corporation,,,,,,,,,,,,,,,,,,,
CA5800572,FAIRWAY DOWNS MUTUAL WATER CO,Yuba,SWRCB,Yuba-LPA,MWC,Original,MWC,Non-profit corporation,,,,,,,,,,,,,,,,,,,
CA5800805,LAKE FRANCIS MUTUAL WATER COMPANY,Yuba,SWRCB,Yuba-LPA,MWC,Original,MWC,Non-profit corporation,,,,,,,,,,,,,,,,,,,
CA4210024,LA CUMBRE MUTUAL WATER CO,Santa Barbara,SWRCB,NO,MWC,Original,MWC,Non-profit corporation,,,,,,,,,,,,,,,,,,,
CA4300517,CHEMEKETA PARK MUTUAL WATER COMPANY,Santa Clara,SWRCB,,MWC,Original,MWC,Non-profit corporation,,,,,,,,,,,,,,,,,,,
CA4300522,LAKE CANYON MUTUAL WATER COMPANY,Santa Clara,SWRCB,,MWC,Original,MWC,Non-profit corporation,,,,,,,,,,,,,,,,,,,
CA4300526,OAKMONT WATER SYSTEM,Santa Clara,SWRCB,,MWC,Original,MWC,Non-profit corporation,,,,,,,,,,,,,,,,,,,
CA4300545,SARATOGA HEIGHTS MUTUAL WATER COMPANY,Santa Clara,SWRCB,,MWC,Original,MWC,Non-profit corporation,,,,,,,,,,,,,,,,,,,
CA4300551,HAPPY ACRES MWC,Santa Clara,SWRCB,,MWC,Original,MWC,Non-profit corporation,,,,,,,,,,,,,,,,,,,
CA4300562,ROSEVIEW HEIGHTS MUTUAL WATER COMPANY,Santa Clara,SWRCB,,MWC,Original,MWC,Non-profit corporation,,,,,,,,,,,,,,,,,,,
CA4300571,SULLIVAN MUTUAL WATER,Santa Clara,SWRCB,,MWC,Original,MWC,Non-profit corporation,,,,,,,,,,,,,,,,,,,
CA4300573,GREEN ACRES MUTUAL WATER,Santa Clara,SWRCB,,MWC,Original,MWC,Non-profit corporation,,,,,,,,,,,,,,,,,,,
CA4300577,RANCHO ROBLES MUTUAL WATER COMPANY,Santa Clara,SWRCB,,MWC,Original,MWC,Non-profit corporation,,,,,,,,,,,,,,,,,,,
CA4300630,FOOTHILL MUTUAL WATER COMPANY,Santa Clara,SWRCB,,MWC,Original,MWC,Non-profit corporation,,,,,,,,,,,,,,,,,,,
CA4300740,MOUNTAIN SPRINGS MUTUAL WATER COMPANY,Santa Clara,SWRCB,,MWC,Original,MWC,Non-profit corporation,,,,,,,,,,,,,,,,,,,
CA4300770,THREE SPRINGS RANCH MUTUAL WATER COMPANY,Santa Clara,SWRCB,,MWC,Original,MWC,Non-profit corporation,,,,,,,,,,,,,,,,,,,
CA4300771,NEW AVENUE MUTUAL WATER COMPANY,Santa Clara,SWRCB,,MWC,Original,MWC,Non-profit corporation,,,,,,,,,,,,,,,,,,,
CA4300792,ABORN HEIGHTS WATER MUTUAL ASSOCIATION,Santa Clara,SWRCB,,MWC,Original,MWC,Non-profit corporation,,,,,,,,,,,,,,,,,,,
CA4300831,MT. EDEN MUTUAL WATER COMPANY,Santa Clara,SWRCB,,MWC,Original,MWC,Non-profit corporation,,,,,,,,,,,,,,,,,,,
CA4300978,BRUSH AND OLD WELL MUTUAL WATER COMPANY,Santa Clara,SWRCB,,MWC,Original,MWC,Non-profit corporation,,,,,,,,,,,,,,,,,,,
CA4300979,QUAIL CREEK ESTATES MUTUAL WATER COMPANY,Santa Clara,SWRCB,,MWC,Original,MWC,Non-profit corporation,,,,,,,,,,,,,,,,,,,
CA4300992,GOLDEN HEIGHTS MUTUAL WATER COMPANY,Santa Clara,SWRCB,,MWC,Original,MWC,Non-profit corporation,,,,,,,,,,,,,,,,,,,
CA4301004,EMERALD VALLEY MUTUAL WATER COMPANY,Santa Clara,SWRCB,,MWC,Original,MWC,Non-profit corporation,,,,,,,,,,,,,,,,,,,
CA4301013,ROCKWOOD ESTATES MUTUAL WATER COMPANY,Santa Clara,SWRCB,,MWC,Original,MWC,Non-profit corporation,,,,,,,,,,,,,,,,,,,
CA4410016,FOREST LAKES MWC,Santa Cruz,SWRCB,NO,MWC,Original,MWC,Non-profit corporation,,,,,,,,,,,,,,,,,,,
CA4510009,SHASTA FOREST VILLAGE M.W.C.,Shasta,SWRCB,NO,MWC,Original,MWC,Non-profit corporation,,,,,,,,,,,,,,,,,,,
CA4700528,SISKIYOU CO. ROLLING HILLS MWC,Siskiyou,SWRCB,,MWC,Original,MWC,Non-profit corporation,,,,,,,,,,,,,,,,,,,
CA4700549,LAKE SISKIYOU M.W.C.,Siskiyou,SWRCB,,MWC,Original,MWC,Non-profit corporation,,,,,,,,,,,,,,,,,,,
CA4700551,COPCO LAKE MWC,Siskiyou,SWRCB,,MWC,Original,MWC,Non-profit corporation,,,,,,,,,,,,,,,,,,,
CA4700686,SUN MOUNTAIN M.W.C.,Siskiyou,SWRCB,,MWC,Original,MWC,Non-profit corporation,,,,,,,,,,,,,,,,,,,
CA4700872,MONTE SHASTA M.W.C.,Siskiyou,SWRCB,,MWC,Original,MWC,Non-profit corporation,,,,,,,,,,,,,,,,,,,
CA4700880,SISKIYOU LAKE HIGHLANDS MWC,Siskiyou,SWRCB,,MWC,Original,MWC,Non-profit corporation,,,,,,,,,,,,,,,,,,,
CA4900512,HAPPY ACRES MUTUAL BENEFIT WATER SYSTEM,Sonoma,SWRCB,,MWC,Original,MWC,Non-profit corporation,,,,,,,,,,,,,,,,,,,
CA4900513,MADRONE MUTUAL WATER COMPANY,Sonoma,SWRCB,,MWC,Original,MWC,Non-profit corporation,,,,,,,,,,,,,,,,,,,
CA4900521,GILL CREEK MUTUAL WATER COMPANY,Sonoma,SWRCB,,MWC,Original,MWC,Non-profit corporation,,,,,,,,,,,,,,,,,,,
CA4900545,"BRANGER MUTUAL WATER COMPANY, INC.",Sonoma,SWRCB,,MWC,Original,MWC,Non-profit corporation,,,,,,,,,,,,,,,,,,,
CA4900547,END-O-VALLEY MUTUAL WATER COMPANY,Sonoma,SWRCB,,MWC,Original,MWC,Non-profit corporation,,,,,,,,,,,,,,,,,,,
CA4900548,HOLLAND HEIGHTS MUTUAL WATER COMPANY,Sonoma,SWRCB,,MWC,Original,MWC,Non-profit corporation,,,,,,,,,,,,,,,,,,,
CA4900551,MELITA HEIGHTS MUTUAL WATER COMPANY,Sonoma,SWRCB,,MWC,Original,MWC,Non-profit corporation,,,,,,,,,,,,,,,,,,,
CA4900552,MICHELE MUTUAL WATER COMPANY,Sonoma,SWRCB,,MWC,Original,MWC,Non-profit corporation,,,,,,,,,,,,,,,,,,,
CA4900553,PARK ROYAL MUTUAL WATER COMPANY,Sonoma,SWRCB,,MWC,Original,MWC,Non-profit corporation,,,,,,,,,,,,,,,,,,,
CA4900558,BELMONT TERRACE MUTUAL WATER COMPANY,Sonoma,SWRCB,,MWC,Original,MWC,Non-profit corporation,,,,,,,,,,,,,,,,,,,
CA4900559,FIRCREST MUTUAL WATER COMPANY,Sonoma,SWRCB,,MWC,Original,MWC,Non-profit corporation,,,,,,,,,,,,,,,,,,,
CA4900560,KELLY MUTUAL WATER COMPANY,Sonoma,SWRCB,,MWC,Original,MWC,Non-profit corporation,,,,,,,,,,,,,,,,,,,
CA4900561,WILLOWSIDE MUTUAL WATER COMPANY,Sonoma,SWRCB,,MWC,Original,MWC,Non-profit corporation,,,,,,,,,,,,,,,,,,,
CA4900562,DIAMOND A MUTUAL WATER COMPANY,Sonoma,SWRCB,,MWC,Original,MWC,Non-profit corporation,,,,,,,,,,,,,,,,,,,
CA4900563,MISSION HIGHLANDS MUTUAL WATER CO.,Sonoma,SWRCB,,MWC,Original,MWC,Non-profit corporation,,,,,,,,,,,,,,,,,,,
CA4900570,PALOMINO LAKES MUTUAL WATER CO.,Sonoma,SWRCB,,MWC,Original,MWC,Non-profit corporation,,,,,,,,,,,,,,,,,,,
CA4900573,WILSHIRE HEIGHTS MUTUAL WATER COMPANY,Sonoma,SWRCB,,MWC,Original,MWC,Non-profit corporation,,,,,,,,,,,,,,,,,,,
CA4900575,LOCH HAVEN MUTUAL WATER COMPANY,Sonoma,SWRCB,,MWC,Original,MWC,Non-profit corporation,,,,,,,,,,,,,,,,,,,
CA4900585,BENNETT RIDGE MUTUAL WATER COMPANY,Sonoma,SWRCB,,MWC,Original,MWC,Non-profit corporation,,,,,,,,,,,,,,,,,,,
CA4900588,LAWNDALE MUTUAL WATER COMPANY,Sonoma,SWRCB,,MWC,Original,MWC,Non-profit corporation,,,,,,,,,,,,,,,,,,,
CA4900599,RANDAL'S RANCHETTE MUTUAL WATER COMPANY,Sonoma,SWRCB,,MWC,Original,MWC,Non-profit corporation,,,,,,,,,,,,,,,,,,,
CA4900603,RIEBLI MUTUAL WATER COMPANY,Sonoma,SWRCB,,MWC,Original,MWC,Non-profit corporation,,,,,,,,,,,,,,,,,,,
CA4900605,MARK WEST ACRES MWC,Sonoma,SWRCB,,MWC,Original,MWC,Non-profit corporation,,,,,,,,,,,,,,,,,,,
CA4900620,AUSTIN ACRES MUTUAL WATER COMPANY,Sonoma,SWRCB,,MWC,Original,MWC,Non-profit corporation,,,,,,,,,,,,,,,,,,,
CA4900630,AUSTIN CREEK MUTUAL (SPRINGHILL),Sonoma,SWRCB,,MWC,Original,MWC,Non-profit corporation,,,,,,,,,,,,,,,,,,,
CA4900634,HUCKLEBERRY MUTUAL WATER COMPANY,Sonoma,SWRCB,,MWC,Original,MWC,Non-profit corporation,,,,,,,,,,,,,,,,,,,
CA4900637,MAGIC MOUNTAIN MUTUAL WATER COMPANY,Sonoma,SWRCB,,MWC,Original,MWC,Non-profit corporation,,,,,,,,,,,,,,,,,,,
CA4900639,REDWOOD HEIGHTS MUTUAL WATER COMPANY,Sonoma,SWRCB,,MWC,Original,MWC,Non-profit corporation,,,,,,,,,,,,,,,,,,,
CA4900640,SONOMA COUNTY MUTUAL WATER COMPANY,Sonoma,SWRCB,,MWC,Original,MWC,Non-profit corporation,,,,,,,,,,,,,,,,,,,
CA4900641,SUNRISE MOUNTAIN MUTUAL WATER COMPANY,Sonoma,SWRCB,,MWC,Original,MWC,Non-profit corporation,,,,,,,,,,,,,,,,,,,
CA4900653,LONE PINE MUTUAL WATER COMPANY,Sonoma,SWRCB,,MWC,Original,MWC,Non-profit corporation,,,,,,,,,,,,,,,,,,,
CA4900660,YULUPA MUTUAL WATER COMPANY,Sonoma,SWRCB,,MWC,Original,MWC,Non-profit corporation,,,,,,,,,,,,,,,,,,,
CA4900665,RUSSIAN RIVER MUTUAL WATER CO.,Sonoma,SWRCB,,MWC,Original,MWC,Non-profit corporation,,,,,,,,,,,,,,,,,,,
CA4900667,COLLEGE PARK MUTUAL WATER COMPANY,Sonoma,SWRCB,,MWC,Original,MWC,Non-profit corporation,,,,,,,,,,,,,,,,,,,
CA4900669,WENDELL LANE MUTUAL WATER COMPANY,Sonoma,SWRCB,,MWC,Original,MWC,Non-profit corporation,,,,,,,,,,,,,,,,,,,
CA4900673,ATHENA TERRACE MUTUAL WATER COMPANY,Sonoma,SWRCB,,MWC,Original,MWC,Non-profit corporation,,,,,,,,,,,,,,,,,,,
CA4900793,VINEHILL VISTAS MUTUAL WATER COMPANY,Sonoma,SWRCB,,MWC,Original,MWC,Non-profit corporation,,,,,,,,,,,,,,,,,,,
CA4900843,SONOMA RANCH MUTUAL WATER COMPANY,Sonoma,SWRCB,,MWC,Original,MWC,Non-profit corporation,,,,,,,,,,,,,,,,,,,
CA4900892,SUMMIT VIEW RANCH MUTUAL WATER CO.,Sonoma,SWRCB,,MWC,Original,MWC,Non-profit corporation,,,,,,,,,,,,,,,,,,,
CA4900973,GEORGE RANCH MUTUAL WATER COMPANY,Sonoma,SWRCB,,MWC,Original,MWC,Non-profit corporation,,,,,,,,,,,,,,,,,,,
CA4901062,KINNYBROOK MUTUAL WATER COMPANY,Sonoma,SWRCB,,MWC,Original,MWC,Non-profit corporation,,,,,,,,,,,,,,,,,,,
CA4901071,BOULEVARD HEIGHTS MUTUAL WATER,Sonoma,SWRCB,,MWC,Original,MWC,Non-profit corporation,,,,,,,,,,,,,,,,,,,
CA4901246,DOWNTOWN GRATON MUTUAL WATER SYSTEM,Sonoma,SWRCB,,MWC,Original,MWC,Non-profit corporation,,,,,,,,,,,,,,,,,,,
CA4901309,HILTON MUTUAL WATER COMPANY,Sonoma,SWRCB,,MWC,Original,MWC,Non-profit corporation,,,,,,,,,,,,,,,,,,,
CA4901355,TERRACE VIEW WATER SYSTEM,Sonoma,SWRCB,,MWC,Original,MWC,Non-profit corporation,,,,,,,,,,,,,,,,,,,
CA4901381,LICHAU HYLANDS MUTUAL WATER COMPANY,Sonoma,SWRCB,,MWC,Original,MWC,Non-profit corporation,,,,,,,,,,,,,,,,,,,
CA5101009,WILDWOOD EAST MUTUAL,Sutter,SWRCB,,MWC,Original,MWC,Non-profit corporation,,,,,,,,,,,,,,,,,,,
CA5301001,BUCKTAIL MUTUAL WATER COMPANY,Trinity,SWRCB,,MWC,Original,MWC,Non-profit corporation,,,,,,,,,,,,,,,,,,,
CA5301017,RUSH CREEK MUTUAL WATER SYSTEM,Trinity,SWRCB,,MWC,Original,MWC,Non-profit corporation,,,,,,,,,,,,,,,,,,,
CA5301101,TREASURE CREEK WOODS MWC,Trinity,SWRCB,,MWC,Original,MWC,Non-profit corporation,,,,,,,,,,,,,,,,,,,
CA5301102,TRINITY KNOLLS MUTUAL WATER COMPANY,Trinity,SWRCB,,MWC,Original,MWC,Non-profit corporation,,,,,,,,,,,,,,,,,,,
CA5301104,COVINGTON MILL MWC-DIVISION B,Trinity,SWRCB,,MWC,Original,MWC,Private ancillary,Other commercial,, Covington Mill MWC-B seems to be run by FWS Forestry now / http://cmmwcb.org/about-us/,,,,,,,,,,,,,,,,
CA5301201,SEYMOUR'S MUTUAL WATER SYSTEM,Trinity,SWRCB,,MWC,Original,MWC,Non-profit corporation,,,,,,,,,,,,,,,,,,,
CA5304102,TRINITY VILLAGE MUTUAL WATER,Trinity,SWRCB,,MWC,Original,MWC,Non-profit corporation,,,,,,,,,,,,,,,,,,,
CA5304501,SALYER MUTUAL WC (FORMERLY RIVERVIEW AC),Trinity,SWRCB,,MWC,Original,MWC,Non-profit corporation,,,,,,,,,,,,,,,,,,,
CA5310003,TRINITY CENTER M.W.C. .,Trinity,SWRCB,,MWC,Original,MWC,Non-profit corporation,,,,,,,,,,,,,,,,,,,
CA5400506,NORTH KAWEAH MUTUAL WATER COMPANY,Tulare,SWRCB,,MWC,Original,MWC,Non-profit corporation,,,,,,,,,,,,,,,,,,,
CA5400536,KINGS RIVER ESTATES MUTUAL WATER COMPANY,Tulare,SWRCB,,MWC,Original,MWC,Non-profit corporation,,,,,,,,,,,,,,,,,,,
CA5400556,RIVER RETREAT MUTUAL WATER COMPANY,Tulare,SWRCB,,MWC,Original,MWC,Non-profit corporation,,,,,,,,,,,,,,,,,,,
CA5400567,TOOLEVILLE MUTUAL NON PROFIT WATER ASSN,Tulare,SWRCB,,MWC,Original,MWC,Non-profit corporation,,,,,,,,,,,,,,,,,,,
CA5400647,YOKOHL MUTUAL WATER CO,Tulare,SWRCB,,MWC,Original,MWC,Non-profit corporation,,,,,,,,,,,,,,,,,,,
CA5400655,CENTRAL MUTUAL WATER CO,Tulare,SWRCB,,MWC,Original,MWC,Non-profit corporation,,,,,,,,,,,,,,,,,,,
CA5400670,TRIPLE R MUTUAL WATER CO,Tulare,SWRCB,,MWC,Original,MWC,Non-profit corporation,,,,,,,,,,,,,,,,,,,
CA5400682,PLAINVIEW MWC - CENTRAL WATER,Tulare,SWRCB,,MWC,Original,MWC,Non-profit corporation,,,,,,,,,,,,,,,,,,,
CA5400718,WILLIAMS MUTUAL WATER COMPANY,Tulare,SWRCB,,MWC,Original,MWC,Non-profit corporation,,,,,,,,,,,,,,,,,,,
CA5400728,GRIER MUTUAL WATER COMPANY,Tulare,SWRCB,,MWC,Original,MWC,Non-profit corporation,,,,,,,,,,,,,,,,,,,
CA5400744,EAST THREE RIVERS MUTUAL WATER CORP,Tulare,SWRCB,,MWC,Original,MWC,Non-profit corporation,,,,,,,,,,,,,,,,,,,
CA5400754,SOUTH KAWEAH MUTUAL WATER COMPANY,Tulare,SWRCB,,MWC,Original,MWC,Non-profit corporation,,,,,,,,,,,,,,,,,,,
CA5400805,SOULTS MUTUAL WATER COMPANY,Tulare,SWRCB,,MWC,Original,MWC,Non-profit corporation,,,,,,,,,,,,,,,,,,,
CA5400816,BEDEL MUTUAL WATER COMPANY,Tulare,SWRCB,,MWC,Original,MWC,Non-profit corporation,,,,,,,,,,,,,,,,,,,
CA5400881,SUNRISE MUTUAL WATER CO.,Tulare,SWRCB,,MWC,Original,MWC,Non-profit corporation,,,,,,,,,,,,,,,,,,,
CA5401026,DEER MEADOW MUTUAL WATER COMPANY,Tulare,SWRCB,,MWC,Original,MWC,Non-profit corporation,,,,,,,,,,,,,,,,,,,
CA5403084,FAIRWAY MUTUAL WATER CO,Tulare,SWRCB,,MWC,Original,MWC,Non-profit corporation,,,,,,,,,,,,,,,,,,,
CA5403110,SIERRA MUTUAL WATER COMPANY,Tulare,SWRCB,,MWC,Original,MWC,Non-profit corporation,,,,,,,,,,,,,,,,,,,
CA5403113,SOUTH FORK ESTATES MUTUAL WATER CO,Tulare,SWRCB,,MWC,Original,MWC,Non-profit corporation,,,,,,,,,,,,,,,,,,,
CA5403144,ALI MUTUAL WATER CO,Tulare,SWRCB,,MWC,Original,MWC,Non-profit corporation,,,,,,,,,,,,,,,,,,,
CA5410022,CAMP NELSON WATER COMPANY,Tulare,SWRCB,,MWC,Original,MWC,Non-profit corporation,,,,,,,,,,,,,,,,,,,
CA5410039,PLAINVIEW MUTUAL WATER COMPANY,Tulare,SWRCB,,MWC,Original,MWC,Non-profit corporation,,,,,,,,,,,,,,,,,,,
CA5500040,BLUEBELL VALLEY MWC,Tuolumne,SWRCB,,MWC,Original,MWC,Non-profit corporation,,,,,,,,,,,,,,,,,,,
CA5500041,ALPINE ACRES MUTUAL WATER CO,Tuolumne,SWRCB,,MWC,Original,MWC,Non-profit corporation,,,,,,,,,,,,,,,,,,,
CA5500042,BELLEVIEW OAKS MUTUAL WATER CO,Tuolumne,SWRCB,,MWC,Original,MWC,Non-profit corporation,,,,,,,,,,,,,,,,,,,
CA5500053,LEISURE PINES MUTUAL WATER CO,Tuolumne,SWRCB,,MWC,Original,MWC,Non-profit corporation,,,,,,,,,,,,,,,,,,,
CA5500060,MI WUK HEIGHTS MWC,Tuolumne,SWRCB,,MWC,Original,MWC,Non-profit corporation,,,,,,,,,,,,,,,,,,,
CA5500064,MULLER MUTUAL WATER COMPANY,Tuolumne,SWRCB,,MWC,Original,MWC,Non-profit corporation,,,,,,,,,,,,,,,,,,,
CA5500074,SIERRA VILLAGE MUTUAL WATER CO,Tuolumne,SWRCB,,MWC,Original,MWC,Non-profit corporation,,,,,,,,,,,,,,,,,,,
CA5500080,TWAIN HARTE VALLEY MWC,Tuolumne,SWRCB,,MWC,Original,MWC,Non-profit corporation,,,,,,,,,,,,,,,,,,,
CA5510006,MI WUK VILLAGE MUT WTR CO,Tuolumne,SWRCB,,MWC,Original,MWC,Non-profit corporation,,,,,,,,,,,,,,,,,,,
CA5510023,SONORA MEADOWS MUTUAL WTR CO,Tuolumne,SWRCB,,MWC,Original,MWC,Non-profit corporation,,,,,,,,,,,,,,,,,,,
CA5510026,PHOENIX LAKE ESTATES CC MWC,Tuolumne,SWRCB,,MWC,Original,MWC,Non-profit corporation,,,,,,,,,,,,,,,,,,,
CA5601104,CASITAS MUTUAL WATER COMPANY,Ventura,SWRCB,,MWC,Original,MWC,Non-profit corporation,,,,,,,,,,,,,,,,,,,
CA5601110,MIDDLE ROAD MUTUAL WATER CO,Ventura,SWRCB,,MWC,Original,MWC,Non-profit corporation,,,,,,,,,,,,,,,,,,,
CA5601116,SAN CAYETANO MUTUAL WATER CO,Ventura,SWRCB,,MWC,Original,MWC,Non-profit corporation,,,,,,,,,,,,,,,,,,,
CA5601117,SENIOR CANYON MUTUAL WATER CO,Ventura,SWRCB,,MWC,Original,MWC,Non-profit corporation,,,,,,,,,,,,,,,,,,,
CA5601119,SIETE ROBLES MUTUAL WATER CO,Ventura,SWRCB,,MWC,Original,MWC,Non-profit corporation,,,,,,,,,,,,,,,,,,,
CA5601120,SISAR MUTUAL WATER CO,Ventura,SWRCB,,MWC,Original,MWC,Non-profit corporation,,,,,,,,,,,,,,,,,,,
CA5601122,TICO MUTUAL WATER CO,Ventura,SWRCB,,MWC,Original,MWC,Non-profit corporation,,,,,,,,,,,,,,,,,,,
CA5601125,COMMUNITY MUTUAL WATER CO,Ventura,SWRCB,,MWC,Original,MWC,Non-profit corporation,,,,,,,,,,,,,,,,,,,
CA5601141,SOUTH MOUNTAIN MUTUAL WATER CO,Ventura,SWRCB,,MWC,Original,MWC,Non-profit corporation,,,,,,,,,,,,,,,,,,,
CA5602103,CYPRESS MUTUAL WATER CO INC,Ventura,SWRCB,,MWC,Original,MWC,Non-profit corporation,,,,,,,,,,,,,,,,,,,
CA5602104,DEL NORTE MUTUAL WATER CO.,Ventura,SWRCB,,MWC,Original,MWC,Non-profit corporation,,,,,,,,,,,,,,,,,,,
CA5602108,GARDEN ACRES MUTUAL WATER CO,Ventura,SWRCB,,MWC,Original,MWC,Non-profit corporation,,,,,,,,,,,,,,,,,,,
CA5602111,NYELAND ACRES MUTUAL WATER CO,Ventura,SWRCB,,MWC,Original,MWC,Non-profit corporation,,,,,,,,,,,,,,,,,,,
CA5602115,SAVIERS ROAD MUTUAL WATER CO,Ventura,SWRCB,,MWC,Original,MWC,Non-profit corporation,,,,,,,,,,,,,,,,,,,
CA5602117,STRICKLAND ACRES,Ventura,SWRCB,,MWC,Original,MWC,Non-profit corporation,,,,,,,,,,,,,,,,,,,
CA5602130,SOLANO VERDE MUTUAL WATER CO,Ventura,SWRCB,,MWC,Original,MWC,Non-profit corporation,,,,,,,,,,,,,,,,,,,
CA5602132,WATERS ROAD DOMESTIC USERS GROUP,Ventura,SWRCB,,MWC,Original,MWC,Non-profit corporation,,,,,,,,,,,,,,,,,,,
CA5610001,DEMPSEY ROAD MUTUAL WATER CO,Ventura,SWRCB,,MWC,Original,MWC,Non-profit corporation,,,,,,,,,,,,,,,,,,,
CA5610008,PLEASANT VALLEY MUTUAL WATER CO,Ventura,SWRCB,,MWC,Original,MWC,Non-profit corporation,,,,,,,,,,,,,,,,,,,
CA5610029,VINEYARD AVENUE ACRES MWC,Ventura,SWRCB,,MWC,Original,MWC,Non-profit corporation,,,,,,,,,,,,,,,,,,,
CA5610035,RIO MANOR MUTUAL WATER CO,Ventura,SWRCB,,MWC,Original,MWC,Non-profit corporation,,,,,,,,,,,,,,,,,,,
CA5610056,VINEYARD AVE ESTATES MWC,Ventura,SWRCB,,MWC,Original,MWC,Non-profit corporation,,,,,,,,,,,,,,,,,,,
CA5610058,CRESTVIEW MUTUAL WATER CO,Ventura,SWRCB,,MWC,Original,MWC,Non-profit corporation,,,,,,,,,,,,,,,,,,,
CA5610068,CLOVERDALE MUTUAL WATER CO.,Ventura,SWRCB,,MWC,Original,MWC,Non-profit corporation,,,,,,,,,,,,,,,,,,,
CA0910019,LAKESIDE PARK ASSOCIATION,El Dorado,SWRCB,,PA,Consolidations,PA,Mutual Benefit Corporation,HOA,,,,,,,,,,,,,,,,,,
CA5510004,PINECREST PERMITTEES ASSN,Tuolumne,SWRCB,,PA,Consolidations,PA,Mutual Benefit Corporation,HOA,,,,,,,,,,,,,,,,,,
CA0103040,NORRIS CANYON PROPERTY OWNERS ASSN,Alameda,SWRCB,,PA,Original,PA,Mutual Benefit Corporation,MWC,,,,,,,,,,,,,,,,,,
CA0400090,MOUNTAIN VILLAGE HOMEOWNER'S ASSOC,Butte,LPA34,,PA,Original,PA,Mutual Benefit Corporation,HOA,,,,,,,,,,,,,,,,,,
CA0510011,SNOWSHOE SPRINGS ASSN.,Calaveras,SWRCB,,PA,Original,PA,Mutual Benefit Corporation,HOA,,,,,,,,,,,,,,,,,,
CA0800825,JED SMITH HOMEOWNERS ASSN.,Del Norte,SWRCB,,PA,Original,PA,Mutual Benefit Corporation,HOA,,"not registered as mutual benefit, not in HOA database but in LAFCO documentation about potential consolidation which they are considering is calle dhOWA",,,,,,,,,,,,,,,,
CA0910015,TAHOE KEYS WATER COMPANY,El Dorado,SWRCB,NO,PA,Original,PA,Unknown,Unknown,,terminated stock corp,,,,,,,,,,,,,,,,
CA1000069,SHAVER LAKE HEIGHTS WATER ASSN,Fresno,SWRCB,,PA,Original,PA,Mutual Benefit Corporation,Unknown,,Registered mutual benefit but not registered MWC says on website they are jsut a nonprofit mutual benefit corp: https://shaverlakeheights.org/,,,,,,,,,,,,,,,,
CA1500398,FRONTIER TRAILS HOMEOWNERS ASSOC INC.,Kern,SWRCB,,PA,Original,PA,Mutual Benefit Corporation,Unknown,,,,,,,,,,,,,,,,,,
CA1500489,BRITE LAKE MUTUAL WATER COMPANY,Kern,SWRCB,,PA,Original,PA,Mutual Benefit Corporation,MWC,,,,,,,,,,,,,,,,,,
CA1500493,"EL ADOBE POA, INC.",Kern,SWRCB,,PA,Original,PA,Non-profit corporation,,,,,,,,,,,,,,,,,,,
CA1500564,HOMETOWN WATER ASSOCIATION,Kern,SWRCB,,PA,Original,PA,Non-profit corporation,,,,,,,,,,,,,,,,,,,
CA1500585,OASIS PROPERTY OWNERS ASSOCIATION,Kern,SWRCB,,PA,Original,PA,Non-profit corporation,,,,,,,,,,,,,,,,,,,
CA1502383,NORD ROAD WATER ASSOCIATION,Kern,SWRCB,,PA,Original,PA,Non-profit corporation,,,,,,,,,,,,,,,,,,,
CA1502465,PANAMA ROAD PROPERTY OWNERS ASSOC,Kern,SWRCB,,PA,Original,PA,Non-profit corporation,,,,,,,,,,,,,,,,,,,
CA1502629,HEATH BRIMHALL P.O.A.,Kern,SWRCB,,PA,Original,PA,Non-profit corporation,,,,,,,,,,,,,,,,,,,
CA1502750,RIVERVIEW HOMEOWNERS ASSOCIATION,Kern,SWRCB,,PA,Original,PA,Non-profit corporation,,,,,,,,,,,,,,,,,,,
CA1700630,PIER 1900 HOMEOWNER'S ASSOCIATION,Lake,SWRCB,,PA,Original,PA,Non-profit corporation,,,,,,,,,,,,,,,,,,,
CA2910011,PLAVADA COMMUNITY ASSOCIATION,Nevada,SWRCB,NO,PA,Original,PA,Non-profit corporation,,,,,,,,,,,,,,,,,,,
CA3301511,PINYON CREST HOA,Riverside,SWRCB,,PA,Original,PA,Non-profit corporation,,,,,,,,,,,,,,,,,,,
CA3301528,OAK HAVEN ASSOCIATION,Riverside,SWRCB,,PA,Original,PA,Non-profit corporation,,,,,,,,,,,,,,,,,,,
CA3301588,ROYAL CARRIZO HOA,Riverside,SWRCB,,PA,Original,PA,Non-profit corporation,,,,,,,,,,,,,,,,,,,
CA3301879,SHARONDALE MESA HOA,Riverside,SWRCB,,PA,Original,PA,Non-profit corporation,,,,,,,,,,,,,,,,,,,
CA2700523,CALERA CANYON HEIGHTS HOA,Monterey,SWRCB,Monterey-LPA,PA,Original,PA,Non-profit corporation,,,,,,,,,,,,,,,,,,,
CA2700622,OUTLOOK WA,Monterey,SWRCB,Monterey-LPA,PA,Original,PA,Non-profit corporation,,,,,,,,,,,,,,,,,,,
CA2700624,LEAFWOOD COMMUNITY WA,Monterey,SWRCB,Monterey-LPA,PA,Original,PA,Non-profit corporation,,,,,,,,,,,,,,,,,,,
CA2700629,MANZANITA HILLS WA,Monterey,SWRCB,Monterey-LPA,PA,Original,PA,Non-profit corporation,,,,,,,,,,,,,,,,,,,
CA2701367,TIERRA MEADOWS HOA WS,Monterey,SWRCB,Monterey-LPA,PA,Original,PA,Non-profit corporation,,,,,,,,,,,,,,,,,,,
CA2702135,FOOTHILL WA,Monterey,SWRCB,Monterey-LPA,PA,Original,PA,Non-profit corporation,,,,,,,,,,,,,,,,,,,
CA3103835,LAKEVIEW HILLS COMMUNITY ASSOC,Placer,SWRCB,Placer-LPA,PA,Original,PA,Non-profit corporation,,,,,,,,,,,,,,,,,,,
CA3103836,HIDDEN VALLEY COMMUNITY ASSOCIATION,Placer,SWRCB,Placer-LPA,PA,Original,PA,Non-profit corporation,,,,,,,,,,,,,,,,,,,
CA3200195,GREENHAVEN HOA,Plumas,SWRCB,Plumas-LPA,PA,Original,PA,Non-profit corporation,,,,,,,,,,,,,,,,,,,
CA3400155,SEQUOIA WATER ASSOC,Sacramento,SWRCB,Sacramento-LPA,PA,Original,PA,Non-profit corporation,,,,,,,,,,,,,,,,,,,
CA3600094,DOGWOOD BLUE JAY CYN IMP,San Bernardino,SWRCB,San Bernardino-LPA,PA,Original,PA,Non-profit corporation,,,,,,,,,,,,,,,,,,,
CA3701995,WILLOWSIDE TERRACE WATER ASSOCIATION,San Diego,SWRCB,,PA,Original,PA,Non-profit corporation,,,,,,,,,,,,,,,,,,,
CA3600785,LAKE JODIE WATER SYSTEM,San Bernardino,SWRCB,San Bernardino-LPA,PA,Original,PA,Non-profit corporation,,,,,,,,,,,,,,,,,,,
CA3601010,CRYSTAL LAKE PROPERTY OWNERS,San Bernardino,SWRCB,San Bernardino-LPA,PA,Original,PA,Non-profit corporation,,,,,,,,,,,,,,,,,,,
CA3601036,CALICO LAKE HOMEOWNERS,San Bernardino,SWRCB,San Bernardino-LPA,PA,Original,PA,Non-profit corporation,,,,,,,,,,,,,,,,,,,
CA3610033,MT BALDY HOMEOWNERS ASSN.,San Bernardino,SWRCB,FALSE,PA,Original,PA,Mutual Benefit Corporation,HOA,,"110 SC but 350 residents, and 1000 transient population (maybe Mt Baldy resort is a customer)",3/2/2023,,,,,,,,,,,,,,,
CA4000631,ALMIRA WATER ASSOCIATION,San Luis Obispo,SWRCB,San Luis Obispo-LPA,PA,Original,PA,Non-profit corporation,,,,,,,,,,,,,,,,,,,
CA4200804,WALKING M RANCHES,Santa Barbara,SWRCB,Santa Barbara-LPA,PA,Original,PA,Non-profit corporation,,,,,,,,,,,,,,,,,,,
CA4200807,WOODSTOCK RANCH,Santa Barbara,SWRCB,Santa Barbara-LPA,PA,Original,PA,Non-profit corporation,,,,,,,,,,,,,,,,,,,
CA4200851,ROLLING HILLS MUTUAL WATER COMPANY,Santa Barbara,SWRCB,Santa Barbara-LPA,PA,Original,PA,Non-profit corporation,,,,,,,,,,,,,,,,,,,
CA4400605,CRESTWOOD HEIGHTS WATER ASSN,Santa Cruz,SWRCB,Santa Cruz-LPA,PA,Original,PA,Non-profit corporation,,,,,,,,,,,,,,,,,,,
CA4400613,LAS COLINAS ROAD & WATER ASSN,Santa Cruz,SWRCB,Santa Cruz-LPA,PA,Original,PA,Non-profit corporation,,,,,,,,,,,,,,,,,,,
CA4400625,VISTA ROBLES ASSOCIATION,Santa Cruz,SWRCB,Santa Cruz-LPA,PA,Original,PA,Non-profit corporation,,,,,,,,,,,,,,,,,,,
CA5000099,DEL RIO EAST HOA WATER SYSTEM,Stanislaus,SWRCB,Stanislaus-LPA,PA,Original,PA,Non-profit corporation,,,,,,,,,,,,,,,,,,,
CA4300563,MT. PLEASANT WATER USERS ASSOCIATION,Santa Clara,SWRCB,,PA,Original,PA,Non-profit corporation,,,,,,,,,,,,,,,,,,,
CA4300856,SPRING VALLEY HEIGHTS ASSOCIATION INC,Santa Clara,SWRCB,,PA,Original,PA,Non-profit corporation,,,,,,,,,,,,,,,,,,,
CA4700630,SHASTA VIEW HEIGHTS OWNERS ASSOCIATION,Siskiyou,SWRCB,,PA,Original,PA,Non-profit corporation,,,,,,,,,,,,,,,,,,,
CA4700638,OAK VALLEY ACRES P.O.A.,Siskiyou,SWRCB,,PA,Original,PA,Non-profit corporation,,,,,,,,,,,,,,,,,,,
CA4900846,ROLLING OAKS ROAD ASSOCIATION,Sonoma,SWRCB,,PA,Original,PA,Non-profit corporation,,,,,,,,,,,,,,,,,,,
CA4901221,GRATON MUTUAL (GREEN VALLEY HOA),Sonoma,SWRCB,,PA,Original,PA,Non-profit corporation,,,,,,,,,,,,,,,,,,,
CA5400880,THE LAKES ASSOCIATION,Tulare,SWRCB,,PA,Original,PA,Non-profit corporation,,,,,,,,,,,,,,,,,,,
CA5400940,SIERRA KING HOMEOWNERS ASSN,Tulare,SWRCB,,PA,Original,PA,Non-profit corporation,,,,,,,,,,,,,,,,,,,
CA5400964,SIERRA VISTA ASSOCIATION,Tulare,SWRCB,,PA,Original,PA,Non-profit corporation,,,,,,,,,,,,,,,,,,,
CA5500057,LONG BARN PROPERTY OWNERS,Tuolumne,SWRCB,,PA,Original,PA,Non-profit corporation,,,,,,,,,,,,,,,,,,,
CA3400130,MAGNOLIA MUTUAL WATER,Sacramento,SWRCB,Sacramento-LPA,Private,Original,Private,Non-profit corporation,Mutual Water Company,,also called GREGG WATER CO; 501(c)(12) organization and 82-1041742 showed up on charity navigator website,3/1/2023,,,,,,,,,,,,,,,
CA0706005,FARRAR PARK PROPERTY OWNERS,Contra Costa,SWRCB,Contra Costa-LPA,Private,Original,Private,Unknown,Unknown,,"the office building mapped to a house surrouned by lots of other houses, dont appear to be a MHP. Registered with CA sec of state as non-pofit corporation",3/1/2023,,,,,,,,,,,,,,,
CA0707517,COLONIA SANTA MARIA,Contra Costa,SWRCB,Contra Costa-LPA,Private,Original,Private,Private ancillary,Housing,,"SOS registered as Public Benefit ? ""COLONIA SANTA MARIA COOPERATIVE HOUSING CORPORATION"" is a farmworker cooperative",3/1/2023,,,,,,,,,,,,,,,
CA3301800,STONEWOOD CANYON ESTATES,Riverside,SWRCB,,Private,Original,Private,Mutual Benefit Corporation,HOA,,registered with SOS as mutual benfit corp. housing development on Stonewood Canyon Rd. / highway 243 - maybe a HOA but houses at 600-700k+,,,,,,,,,,,,,,,,
CA3500904,HOLLISTER RANCH ESTATES,San Benito,SWRCB,,Private,Original,Private,Mutual Benefit Corporation,HOA,,housing development on Geneil Ct - could be an HOA? - yes registered with SOS as msutual benefit corp,3/1/2023,,,,,,,,,,,,,,,
CA5400710,BADGER HILL ESTATES,Tulare,SWRCB,,Private,Original,Private,Mutual Benefit Corporation,HOA,,address is linked to Badger Hill Homeowners Association ; self described gated community located East of Visalia off of Highway 198. http://www.badgerhillassociation.com/default.php is registered with SOS as mutual  benefit corp ,3/1/2023,,,,,,,,,,,,,,,
CA0400081,FEATHER RIDGE ESTATES WATER CO,Butte,LPA34,,Private,Original,Private,Mutual Benefit Corporation,Unknown,,DWR drought recipient-  $1.2 million for water system improvements in 2022 from https://water.ca.gov/Water-Basics/Drought/Small-Community-Drought-Relief. Here is a county description of them as a rural DAC community of ~30 houses: https://buttecounty.granicus.com/MetaViewer.php?. view_id=2&event_id=683&meta_id=183963. According to SOS is a nonprofit mutual benefit org by name feather ridge estates water association. ,3/7/2023,,,,,,,,,,,,,,,
CA1000056,MEADOW LAKES CLUB,Fresno,SWRCB,,Private,Original,Private,Mutual Benefit Corporation,Unknown,,Mutual benefit corp according to SOS but not IRS registered,3/7/2023,,,,,,,,,,,,,,,
CA4300520,RAINERI MUTUAL WATER COMPANY,Santa Clara,SWRCB,,MWC,2021 update,Update,Mutual Benefit Corporation,Mutual Water Company,,"MWC, has website. I think I talked to board president when we called me about condolidation (can look at master consoldiations data to confirm, does not want to consolidate is following CPUC stuff for san jose water company)",2/3/2023,,,,,,,,,,,,,,,
CA4200814,JONATA HOMEOWNERS ASSOCIATION,Santa Barbara,SWRCB,Santa Barbara-LPA,,New system ,,Mutual Benefit Corporation,HOA,,Originally thougth this was really the bobcat springs mutual water company which is the water provider listed on their website but realized that is already in our list so has to be different. Justin figured out this is an HOA not MWC not sure why they created a new system though ,2/15/2023,,,,,,,,,,,,,,,
CA5301010,BUD FINE MWC,Trinity,SWRCB,,,New system ,,Mutual Benefit Corporation,Mutual Water Company,,ask justin - online says sos suspended. ,1/24/2023,,,,,,,,,,,,,,,
CA1500152,MIRASOL COMPANY WATER SYSTEM,Kern,SWRCB,,Private,Original,Private,non-profit corporation,,,Recent CCR says is a mutual - not registered,3/7/2023,,,,,,,,,,,,,,,
CA1500404,PINEBROOK COMMUNITY WATER WELL,Kern,SWRCB,,Private,Original,Private,non-profit corporation,,,MWC - registered with IRS,3/7/2023,,,,,,,,,,,,,,,
CA1500405,"AERIAL ACRES WATER COMPANY, INC.",Kern,SWRCB,,Private,Original,Private,non-profit corporation,,,Mutual benefit corp registerd with SOS,3/7/2023,,,,,,,,,,,,,,,
CA1500449,FOURTH STREET WATER SYSTEM,Kern,SWRCB,,Private,Original,Private,non-profit corporation,,,MWC - registered IRS,3/7/2023,,,,,,,,,,,,,,,
CA1500494,WILSON ROAD WATER COMMUNITY,Kern,SWRCB,,Private,Original,Private,non-profit corporation,,,MWC - registered IRS,3/7/2023,,,,,,,,,,,,,,,
CA1500553,RANCHOS DEL RIO,Kern,SWRCB,,Private,Original,Private,non-profit corporation,,,MWC - registered with DOJ in CA,3/7/2023,,,,,,,,,,,,,,,
,,,,,,,,,,,,,,,,,,,,,,,,,,,
,,,,,,,,,,,,,,,,,,,,,,,,,,,
,,,,,,,,,,,,,,,,,,,,,,,,,,,